Hands_Relative_Loc_X,Hands_Relative_Loc_Y,Hands_Relative_Loc_Z,R_WristRoot_Vel_X,R_WristRoot_Vel_Y,R_WristRoot_Vel_Z,L_WristRoot_Vel_X,L_WristRoot_Vel_Y,L_WristRoot_Vel_Z,R_WristRoot_Rot_Ptich,R_WristRoot_Rot_Yaw,R_WristRoot_Rot_Roll,L_WristRoot_Rot_Ptich,L_WristRoot_Rot_Yaw,L_WristRoot_Rot_Roll,R_Thumb0_Relative_Rot_Pitch,R_Thumb0_Relative_Rot_Yaw,R_Thumb0_Relative_Rot_Roll,L_Thumb0_Relative_Rot_Pitch,L_Thumb0_Relative_Rot_Yaw,L_Thumb0_Relative_Rot_Roll,R_Thumb1_Relative_Rot_Pitch,R_Thumb1_Relative_Rot_Yaw,R_Thumb1_Relative_Rot_Roll,L_Thumb1_Relative_Rot_Pitch,L_Thumb1_Relative_Rot_Yaw,L_Thumb1_Relative_Rot_Roll,R_Thumb2_Relative_Rot_Pitch,R_Thumb2_Relative_Rot_Yaw,R_Thumb2_Relative_Rot_Roll,L_Thumb2_Relative_Rot_Pitch,L_Thumb2_Relative_Rot_Yaw,L_Thumb2_Relative_Rot_Roll,R_Thumb3_Relative_Rot_Pitch,R_Thumb3_Relative_Rot_Yaw,R_Thumb3_Relative_Rot_Roll,L_Thumb3_Relative_Rot_Pitch,L_Thumb3_Relative_Rot_Yaw,L_Thumb3_Relative_Rot_Roll,R_Index1_Relative_Rot_Pitch,R_Index1_Relative_Rot_Yaw,R_Index1_Relative_Rot_Roll,L_Index1_Relative_Rot_Pitch,L_Index1_Relative_Rot_Yaw,L_Index1_Relative_Rot_Roll,R_Index2_Relative_Rot_Pitch,R_Index2_Relative_Rot_Yaw,R_Index2_Relative_Rot_Roll,L_Index2_Relative_Rot_Pitch,L_Index2_Relative_Rot_Yaw,L_Index2_Relative_Rot_Roll,R_Index3_Relative_Rot_Pitch,R_Index3_Relative_Rot_Yaw,R_Index3_Relative_Rot_Roll,L_Index3_Relative_Rot_Pitch,L_Index3_Relative_Rot_Yaw,L_Thumb3_Relative_Rot_Roll,R_Middle1_Relative_Rot_Pitch,R_Middle1_Relative_Rot_Yaw,R_Middle1_Relative_Rot_Roll,L_Middle1_Relative_Rot_Pitch,L_Middle1_Relative_Rot_Yaw,L_Middle1_Relative_Rot_Roll,R_Middle2_Relative_Rot_Pitch,R_Middle2_Relative_Rot_Yaw,R_Middle2_Relative_Rot_Roll,L_Middle2_Relative_Rot_Pitch,L_Middle2_Relative_Rot_Yaw,L_Middle2_Relative_Rot_Roll,R_Middle3_Relative_Rot_Pitch,R_Middle3_Relative_Rot_Yaw,R_Middle3_Relative_Rot_Roll,L_Middle3_Relative_Rot_Pitch,L_Middle3_Relative_Rot_Yaw,L_Middle3_Relative_Rot_Roll,R_Ring1_Relative_Rot_Pitch,R_Ring1_Relative_Rot_Yaw,R_Ring1_Relative_Rot_Roll,L_Ring1_Relative_Rot_Pitch,L_Ring1_Relative_Rot_Yaw,L_Ring1_Relative_Rot_Roll,R_Ring2_Relative_Rot_Pitch,R_Ring2_Relative_Rot_Yaw,R_Ring2_Relative_Rot_Roll,L_Ring2_Relative_Rot_Pitch,L_Ring2_Relative_Rot_Yaw,L_Ring2_Relative_Rot_Roll,R_Ring3_Relative_Rot_Pitch,R_Ring3_Relative_Rot_Yaw,R_Ring3_Relative_Rot_Roll,L_Ring3_Relative_Rot_Pitch,L_Ring3_Relative_Rot_Yaw,L_Ring3_Relative_Rot_Roll,R_Pinky0_Relative_Rot_Pitch,R_Pinky0_Relative_Rot_Yaw,R_Pinky0_Relative_Rot_Roll,L_Pinky0_Relative_Rot_Pitch,L_Pinky0_Relative_Rot_Yaw,L_Pinky0_Relative_Rot_Roll,R_Pinky1_Relative_Rot_Pitch,R_Pinky1_Relative_Rot_Yaw,R_Pinky1_Relative_Rot_Roll,L_Pinky1_Relative_Rot_Pitch,L_Pinky1_Relative_Rot_Yaw,L_Pinky1_Relative_Rot_Roll,R_Pinky2_Relative_Rot_Pitch,R_Pinky2_Relative_Rot_Yaw,R_Pinky2_Relative_Rot_Roll,L_Pinky2_Relative_Rot_Pitch,L_Pinky2_Relative_Rot_Yaw,L_Pinky2_Relative_Rot_Roll,R_Pinky3_Relative_Rot_Pitch,R_Pinky3_Relative_Rot_Yaw,R_Pinky3_Relative_Rot_Roll,L_Pinky3_Relative_Rot_Pitch,L_Pinky3_Relative_Rot_Yaw,L_Pinky3_Relative_Rot_Roll,Label
11.501104,-25.910152,-3.001511,-69.123359,26.363998,-23.945974,-3.210969,83.559807,11.699528,-7.784818,-71.365214,42.525162,14.612703,-49.234363,-146.001991,-45.874131,-24.714502,59.085995,-47.441547,-23.274571,58.038835,3.085468,-13.464132,29.684839,4.857573,-12.427052,28.881783,2.462883,-31.655174,-10.324066,3.902811,-23.793461,-10.433068,-5.703789,-7.649365,9.673322,-6.434639,-3.318539,9.581204,2.566862,-22.602282,3.370006,-0.558824,-30.046426,5.032038,-0.688269,-28.775886,-2.936751,-0.593890,-26.943736,-2.960955,2.540342,-12.354203,-2.221376,2.431732,-15.118068,-2.282861,5.489900,-24.240493,-3.144711,4.340720,-34.733764,-3.727027,-0.074050,-23.834437,-1.428230,-0.168991,-27.640903,-1.428090,-0.404593,-5.098333,-5.484419,-1.184138,-12.753341,-6.128942,8.772582,-21.162204,-9.160925,8.003345,-29.979460,-10.673293,-1.390827,-24.397303,-4.164834,-1.515178,-26.106359,-4.159679,-3.490073,-11.882735,-0.730597,-3.570246,-17.822952,-0.817553,15.315451,-5.567042,-24.893154,15.315449,-5.567030,-24.893160,3.974502,-10.444876,9.545269,6.242165,-21.687997,7.838403,1.471774,-31.335047,-7.668395,1.588604,-30.463380,-7.605479,-5.589364,-8.695091,0.538721,-5.549087,-12.356132,0.727298,3
10.988379,-26.400938,-3.192574,-71.421232,15.655713,-24.270754,13.142521,96.600994,7.241216,-7.334825,-73.130693,43.377320,14.297953,-49.496070,-145.662453,-45.856144,-24.730511,59.097486,-47.392609,-23.321839,58.073618,3.106162,-13.452967,29.691294,4.891872,-12.408929,28.901989,2.467017,-31.632511,-10.324665,3.903727,-23.788487,-10.433059,-5.698978,-7.677692,9.673751,-6.440575,-3.283102,9.580211,2.558139,-22.601125,3.373078,-0.571552,-30.105258,5.043433,-0.686501,-28.741526,-2.937237,-0.589744,-26.863640,-2.961940,2.540902,-12.340078,-2.221058,2.449847,-14.662006,-2.273076,5.506350,-24.264176,-3.153854,4.329306,-34.781789,-3.725202,-0.074173,-23.839447,-1.428240,-0.167325,-27.573554,-1.428134,-0.407000,-5.123552,-5.486708,-1.156879,-12.499018,-6.109223,8.796606,-21.162208,-9.168413,7.995589,-30.028990,-10.680479,-1.392559,-24.420980,-4.164782,-1.457096,-25.307950,-4.162547,-3.490459,-11.912648,-0.731061,-3.569012,-17.735588,-0.816330,15.315442,-5.567043,-24.893150,15.315444,-5.567038,-24.893159,3.995698,-10.457837,9.540260,6.228826,-21.641405,7.848457,1.469684,-31.350587,-7.669501,1.724841,-29.437553,-7.529170,-5.589114,-8.721900,0.540115,-5.550712,-12.227500,0.720720,3
10.502118,-26.814870,-3.354836,-64.714733,17.666411,-18.080505,6.480637,78.271893,5.676884,-6.897835,-74.849025,44.135457,14.047718,-49.798924,-145.398957,-45.838732,-24.745552,59.108277,-47.333621,-23.378407,58.115221,3.127224,-13.441539,29.697511,4.927026,-12.390391,28.926632,2.470990,-31.610702,-10.325223,3.904717,-23.783156,-10.433077,-5.694509,-7.704060,9.674133,-6.447386,-3.242587,9.579100,2.550137,-22.602932,3.375905,-0.580105,-30.169423,5.053235,-0.684668,-28.705871,-2.937731,-0.565590,-26.397279,-2.967590,2.541472,-12.325024,-2.220704,2.475842,-14.004549,-2.258713,5.525158,-24.289944,-3.164183,4.320742,-34.831413,-3.725326,-0.074447,-23.849848,-1.428247,-0.165450,-27.498909,-1.428202,-0.409770,-5.152474,-5.489327,-1.079087,-11.768632,-6.051907,8.822510,-21.166053,-9.177238,7.988973,-30.080421,-10.688627,-1.394717,-24.450596,-4.164727,-1.410574,-24.668566,-4.164264,-3.490886,-11.945853,-0.731572,-3.560072,-17.103473,-0.807460,15.315444,-5.567046,-24.893156,15.315446,-5.567049,-24.893155,4.017796,-10.477201,9.534501,6.214149,-21.595762,7.858923,1.467438,-31.367293,-7.670687,1.825633,-28.671633,-7.470625,-5.588857,-8.750432,0.541587,-5.561055,-11.375583,0.677042,3
10.024464,-27.180440,-3.500313,-57.958211,17.778935,-13.992325,2.968921,64.409141,4.564004,-6.510355,-76.380238,44.754945,13.814489,-50.163954,-145.158013,-45.821691,-24.759706,59.118431,-47.164033,-23.539681,58.233607,3.148571,-13.429735,29.703537,4.972699,-12.367386,29.000195,2.474811,-31.589655,-10.325796,3.905755,-23.777468,-10.433070,-5.690353,-7.728510,9.674486,-6.455004,-3.197113,9.577799,2.542859,-22.607635,3.378507,-0.584593,-30.238759,5.061464,-0.682777,-28.668944,-2.938252,-0.529953,-25.710683,-2.975534,2.542094,-12.309112,-2.220331,2.498482,-13.428363,-2.245899,5.546236,-24.317771,-3.175664,4.314954,-34.882572,-3.727352,-0.074825,-23.865449,-1.428265,-0.158655,-27.226409,-1.428414,-0.412915,-5.185053,-5.492287,-1.001243,-11.030622,-5.993005,8.850269,-21.173645,-9.187382,7.983445,-30.133687,-10.697727,-1.397282,-24.485974,-4.164664,-1.376786,-24.204357,-4.165186,-3.491350,-11.982281,-0.732117,-3.550051,-16.387026,-0.797296,15.315447,-5.567045,-24.893162,15.315435,-5.567039,-24.893161,4.040811,-10.502828,9.528020,6.198221,-21.551041,7.869784,1.465045,-31.385122,-7.671966,1.897414,-28.122378,-7.427813,-5.588574,-8.780648,0.543156,-5.571361,-10.469038,0.630416,3
9.863216,-27.303202,-3.180504,-36.500471,52.062339,13.925086,-14.784015,68.595657,-29.145791,-6.785189,-77.216559,44.401619,13.810777,-51.590839,-145.742785,-45.807734,-24.772634,59.127696,-46.913166,-23.776117,58.406569,3.172681,-13.416857,29.708092,5.028411,-12.340526,29.109559,2.476993,-31.577693,-10.326091,3.908933,-23.760197,-10.433103,-5.687702,-7.744220,9.674716,-6.463421,-3.146920,9.576398,2.548442,-22.617233,3.376614,-0.579009,-30.304155,5.064287,-0.682641,-28.666171,-2.938279,-0.511033,-25.346984,-2.979579,2.541964,-12.312256,-2.220408,2.504841,-13.266043,-2.242247,5.565132,-24.358518,-3.187781,4.317697,-34.917940,-3.732991,-0.075504,-23.892962,-1.428288,-0.155236,-27.089382,-1.428496,-0.415972,-5.216751,-5.495158,-0.965840,-10.692533,-5.965694,8.873851,-21.186590,-9.197268,7.984928,-30.172410,-10.707032,-1.399801,-24.520377,-4.164577,-1.372911,-24.151125,-4.165273,-3.491705,-12.010138,-0.732549,-3.543879,-15.940678,-0.790902,15.315447,-5.567039,-24.893156,15.315444,-5.567040,-24.893151,4.060894,-10.500577,9.524514,6.188757,-21.505834,7.878097,1.463326,-31.397735,-7.672859,1.903286,-28.077290,-7.424259,-5.588445,-8.793375,0.543818,-5.576301,-10.008804,0.606668,3
9.620237,-27.455236,-2.963871,-44.807677,47.715268,8.767318,-11.791537,68.373717,-20.669003,-6.990162,-78.053993,44.147657,13.786868,-53.152391,-146.344602,-45.794312,-24.784299,59.136056,-46.566663,-24.095725,58.639275,3.197106,-13.403367,29.712358,5.092934,-12.309551,29.260548,2.478770,-31.567867,-10.326368,3.912508,-23.740700,-10.433112,-5.685539,-7.756955,9.674915,-6.472620,-3.092035,9.574848,2.556710,-22.629933,3.373795,-0.568572,-30.372936,5.064929,-0.682737,-28.668156,-2.938266,-0.498692,-25.110074,-2.982147,2.541742,-12.317954,-2.220533,2.507292,-13.203216,-2.240816,5.585438,-24.403059,-3.200912,4.324011,-34.951849,-3.740742,-0.076353,-23.926577,-1.428310,-0.151819,-26.952291,-1.428578,-0.419261,-5.251128,-5.498278,-0.945192,-10.494687,-5.949615,8.898125,-21.203366,-9.208129,7.988453,-30.210115,-10.717118,-1.402622,-24.559110,-4.164504,-1.368639,-24.092415,-4.165366,-3.492075,-12.039083,-0.732994,-3.539570,-15.626689,-0.786367,15.315445,-5.567047,-24.893150,15.315446,-5.567043,-24.893153,4.081148,-10.498513,9.520949,6.179370,-21.461284,7.886315,1.461637,-31.410361,-7.673747,1.910028,-28.025550,-7.420197,-5.588334,-8.804462,0.544396,-5.579401,-9.710030,0.591248,3
9.395856,-27.127998,-2.921528,-39.852942,93.736278,3.996517,-9.889012,50.036957,-1.657986,-7.775626,-79.127992,44.250181,13.742129,-53.835053,-146.203069,-45.788972,-24.788935,59.139384,-46.364472,-24.278763,58.771950,3.235991,-13.380946,29.711935,5.148557,-12.280890,29.347438,2.479124,-31.565987,-10.326415,3.917103,-23.715664,-10.433154,-5.683508,-7.768935,9.675089,-6.483468,-3.027312,9.573017,2.563213,-22.635581,3.371545,-0.558756,-30.438117,5.065563,-0.684477,-28.701733,-2.937781,-0.495605,-25.050711,-2.982781,2.541262,-12.330495,-2.220838,2.509797,-13.139043,-2.239367,5.598626,-24.435410,-3.209858,4.330919,-34.982150,-3.748460,-0.077340,-23.966584,-1.428332,-0.150949,-26.916953,-1.428595,-0.421742,-5.276799,-5.500605,-0.940312,-10.447883,-5.945800,8.913676,-21.209923,-9.214279,7.992422,-30.259730,-10.730094,-1.404773,-24.588919,-4.164439,-1.366678,-24.065466,-4.165403,-3.492279,-12.054972,-0.733233,-3.538909,-15.578217,-0.785673,15.315443,-5.567039,-24.893151,15.315443,-5.567040,-24.893156,4.095539,-10.482963,9.519689,6.179899,-21.449651,7.887302,1.459780,-31.424101,-7.674726,1.914257,-27.993011,-7.417640,-5.588368,-8.800798,0.544202,-5.579914,-9.660787,0.588704,3
9.128010,-26.967398,-2.901167,-47.138937,79.652218,1.328475,-9.259705,56.939863,-1.551011,-8.475892,-80.261936,44.381279,13.702771,-54.488573,-146.101740,-45.786416,-24.791276,59.141059,-46.187106,-24.437893,58.886935,3.278222,-13.357162,29.710322,5.203186,-12.252444,29.423243,2.478900,-31.567231,-10.326378,3.922207,-23.687899,-10.433165,-5.681885,-7.778495,9.675220,-6.495232,-2.957144,9.570997,2.571445,-22.642317,3.368678,-0.545323,-30.505241,5.064509,-0.686671,-28.744814,-2.937186,-0.492282,-24.986800,-2.983459,2.540648,-12.346258,-2.221193,2.512479,-13.070552,-2.237813,5.611569,-24.468425,-3.218798,4.340688,-35.010670,-3.757807,-0.078478,-24.012465,-1.428373,-0.150129,-26.884394,-1.428621,-0.424271,-5.302926,-5.502958,-0.935122,-10.398065,-5.941732,8.928182,-21.217550,-9.220310,7.998030,-30.310763,-10.744209,-1.407072,-24.620398,-4.164363,-1.364828,-24.040172,-4.165447,-3.492464,-12.069307,-0.733456,-3.538197,-15.526329,-0.784917,15.315443,-5.567042,-24.893159,15.315444,-5.567049,-24.893151,4.108987,-10.465053,9.518809,6.182323,-21.444601,7.886862,1.457916,-31.438064,-7.675716,1.918680,-27.958947,-7.414941,-5.588451,-8.793128,0.543798,-5.580463,-9.606541,0.585893,3
8.835316,-26.925303,-2.894205,-47.718307,64.152244,-0.448127,-8.281517,58.480435,-1.386142,-9.078211,-81.393630,44.530067,13.664892,-55.157134,-146.022118,-45.787681,-24.789956,59.140116,-45.835218,-24.748540,59.110419,3.327453,-13.328948,29.706475,5.277254,-12.215221,29.574930,2.477595,-31.574325,-10.326195,3.928379,-23.654342,-10.433205,-5.680980,-7.783745,9.675298,-6.547736,-2.643574,9.561850,2.583204,-22.651223,3.364591,-0.515694,-30.680543,5.064405,-0.689855,-28.806774,-2.936316,-0.484904,-24.845510,-2.984957,2.539799,-12.368417,-2.221713,2.523439,-12.789259,-2.231399,5.624407,-24.503454,-3.227943,4.356085,-35.036502,-3.770437,-0.079948,-24.070465,-1.428406,-0.149427,-26.856265,-1.428628,-0.426924,-5.330542,-5.505457,-0.929241,-10.341501,-5.937118,8.941045,-21.227347,-9.226260,8.006868,-30.365701,-10.760818,-1.409653,-24.655807,-4.164290,-1.363171,-24.017381,-4.165477,-3.492598,-12.080971,-0.733638,-3.537377,-15.466799,-0.784060,15.315443,-5.567044,-24.893157,15.315445,-5.567041,-24.893160,4.121049,-10.442298,9.518639,6.188370,-21.451811,7.883756,1.455895,-31.452759,-7.676748,1.923603,-27.921135,-7.411950,-5.588578,-8.777792,0.543005,-5.581125,-9.541635,0.582539,3
8.562380,-26.797915,-2.704513,-48.060143,76.882365,33.260425,-10.715463,59.452459,7.305664,-9.477757,-81.472080,44.062769,13.708619,-55.394178,-145.976159,-45.770916,-24.804713,59.150689,-45.553397,-24.992537,59.285025,3.379431,-13.299913,29.710441,5.339375,-12.183729,29.695968,2.474417,-31.591840,-10.325729,3.935954,-23.613070,-10.433221,-5.681243,-7.782227,9.675272,-6.696087,-1.755670,9.534346,2.588772,-22.645854,3.362591,-0.501026,-30.743378,5.062252,-0.691897,-28.846592,-2.935761,-0.482827,-24.805702,-2.985375,2.539022,-12.388242,-2.222167,2.525795,-12.728623,-2.230007,5.626824,-24.530484,-3.232030,4.365593,-35.076521,-3.780948,-0.080620,-24.097890,-1.428431,-0.150029,-26.880376,-1.428625,-0.427728,-5.338915,-5.506219,-0.927251,-10.322343,-5.935548,8.949081,-21.222756,-9.227869,8.013214,-30.446197,-10.781947,-1.410066,-24.661629,-4.164281,-1.364774,-24.039434,-4.165444,-3.492521,-12.074196,-0.733529,-3.537096,-15.445972,-0.783761,15.315438,-5.567041,-24.893163,15.315442,-5.567037,-24.893157,4.122101,-10.406431,9.521661,6.213196,-21.493411,7.869767,1.454520,-31.463219,-7.677508,1.920977,-27.941237,-7.413538,-5.588808,-8.755736,0.541858,-5.581322,-9.521428,0.581500,3
8.269238,-26.758787,-2.578551,-49.809418,66.898470,22.654269,-9.751908,61.551689,5.441618,-9.836568,-81.648815,43.686184,13.743016,-55.647354,-145.941296,-45.753165,-24.820006,59.161650,-45.316481,-25.195136,59.429362,3.434145,-13.269047,29.714563,5.397711,-12.153363,29.797054,2.470531,-31.613171,-10.325163,3.944111,-23.568648,-10.433257,-5.681977,-7.777914,9.675205,-6.823737,-0.989306,9.508781,2.594894,-22.639401,3.360385,-0.484306,-30.806837,5.059062,-0.694163,-28.890849,-2.935134,-0.480796,-24.766694,-2.985778,2.538165,-12.410254,-2.222675,2.528231,-12.666160,-2.228583,5.627715,-24.556949,-3.235425,4.376549,-35.117043,-3.792457,-0.081322,-24.125784,-1.428439,-0.150858,-26.913677,-1.428604,-0.428319,-5.345051,-5.506783,-0.925536,-10.305895,-5.934205,8.955681,-21.217061,-9.228806,7.991769,-30.682994,-10.824423,-1.410300,-24.664801,-4.164265,-1.366909,-24.068799,-4.165402,-3.492388,-12.063712,-0.733381,-3.536855,-15.427702,-0.783495,15.315447,-5.567042,-24.893159,15.315442,-5.567044,-24.893160,4.120987,-10.366945,9.525410,6.241968,-21.544760,7.853158,1.453152,-31.473288,-7.678210,1.917523,-27.967895,-7.415650,-5.589051,-8.729676,0.540506,-5.581503,-9.503321,0.580556,3
8.303010,-27.003678,-2.447152,-22.377212,31.489134,25.886029,-26.911068,64.365441,8.245920,-9.695127,-81.829868,43.126673,14.018772,-57.145977,-146.244183,-45.736303,-24.834170,59.171794,-45.283234,-25.222929,59.449122,3.482689,-13.241586,29.718788,5.421678,-12.139927,29.810526,2.465406,-31.641324,-10.324423,3.953013,-23.520223,-10.433275,-5.683465,-7.769142,9.675075,-6.874243,-0.685454,9.498156,2.592680,-22.612284,3.360977,-0.466828,-30.858071,5.054394,-0.696649,-28.939728,-2.934450,-0.479133,-24.734748,-2.986107,2.537295,-12.432671,-2.223187,2.530375,-12.610958,-2.227313,5.617025,-24.576020,-3.233342,4.391672,-35.156180,-3.806478,-0.081912,-24.149578,-1.428462,-0.152385,-26.974984,-1.428576,-0.428947,-5.351566,-5.507364,-0.926311,-10.313189,-5.934791,8.949847,-21.207084,-9.225017,7.988798,-30.842468,-10.858863,-1.410131,-24.662508,-4.164285,-1.371407,-24.130493,-4.165303,-3.492274,-12.055204,-0.733238,-3.536917,-15.433446,-0.783584,15.315439,-5.567051,-24.893156,15.315442,-5.567048,-24.893154,4.111456,-10.338184,9.529709,6.273905,-21.599595,7.834899,1.450740,-31.491204,-7.679482,1.911906,-28.011062,-7.419054,-5.589180,-8.713734,0.539688,-5.581405,-9.513424,0.581083,3
8.253556,-27.225972,-2.346933,-29.999378,35.738355,20.754033,-23.013164,67.141165,6.596360,-9.570317,-82.109092,42.550011,14.288849,-58.773825,-146.569342,-45.719449,-24.849453,59.182737,-45.248842,-25.251761,59.469605,3.533387,-13.213419,29.722929,5.443864,-12.127516,29.824557,2.459532,-31.673557,-10.323595,3.962482,-23.468656,-10.433300,-5.685437,-7.757461,9.674935,-6.894481,-0.563586,9.493822,2.589749,-22.581306,3.361813,-0.447565,-30.908048,5.048669,-0.699383,-28.992852,-2.933687,-0.477561,-24.704461,-2.986417,2.536351,-12.456916,-2.223752,2.532538,-12.555351,-2.226035,5.603418,-24.593558,-3.229891,4.408562,-35.195534,-3.821681,-0.082486,-24.173149,-1.428477,-0.154198,-27.047764,-1.428532,-0.429414,-5.356330,-5.507797,-0.927652,-10.326111,-5.935847,8.941073,-21.195593,-9.220012,7.992079,-30.979206,-10.891438,-1.409750,-24.657273,-4.164290,-1.376677,-24.202793,-4.165185,-3.492144,-12.043983,-0.733065,-3.537071,-15.444686,-0.783738,15.315451,-5.567042,-24.893153,15.315451,-5.567052,-24.893153,4.098934,-10.308061,9.534683,6.309505,-21.662837,7.814261,1.448223,-31.509961,-7.680808,1.905276,-28.061895,-7.423055,-5.589355,-8.696047,0.538768,-5.581243,-9.529346,0.581917,3
7.981908,-27.157990,-2.274543,-41.007299,57.169982,14.599282,-2.838284,47.617888,4.427857,-9.526730,-82.641421,42.139624,14.273745,-59.917513,-146.548411,-45.704772,-24.862606,59.192147,-45.215563,-25.280029,59.489669,3.575638,-13.190069,29.726777,5.446410,-12.126367,29.838932,2.454204,-31.702855,-10.322799,3.971025,-23.422182,-10.433299,-5.690392,-7.728310,9.674486,-6.902039,-0.518073,9.492182,2.576271,-22.532513,3.366210,-0.419849,-30.963549,5.038960,-0.701276,-29.029552,-2.933159,-0.477541,-24.704205,-2.986420,2.535924,-12.467963,-2.224008,2.533929,-12.519523,-2.225204,5.583221,-24.599689,-3.222479,4.428275,-35.228085,-3.837950,-0.082774,-24.183700,-1.428478,-0.156756,-27.149914,-1.428458,-0.429517,-5.357387,-5.507886,-0.931320,-10.361515,-5.938751,8.929313,-21.175024,-9.212303,8.009667,-31.028417,-10.911510,-1.409039,-24.647416,-4.164312,-1.382506,-24.282848,-4.165042,-3.492022,-12.035828,-0.732947,-3.537421,-15.470133,-0.784111,15.315455,-5.567045,-24.893161,15.315444,-5.567048,-24.893160,4.085407,-10.277140,9.539910,6.336240,-21.707297,7.799008,1.444715,-31.535877,-7.682649,1.899346,-28.107442,-7.426638,-5.589377,-8.692773,0.538609,-5.580988,-9.553736,0.583166,3
7.693428,-27.122961,-2.210462,-44.907722,56.646042,12.850618,-4.415727,51.729332,3.856022,-9.504735,-83.231793,41.743705,14.265642,-60.962936,-146.544394,-45.689566,-24.875405,59.201311,-45.181529,-25.308860,59.510129,3.617305,-13.166454,29.730736,5.444357,-12.127862,29.853844,2.448368,-31.734967,-10.321945,3.979865,-23.374021,-10.433292,-5.696201,-7.694092,9.673992,-6.910016,-0.469937,9.490439,2.560520,-22.477835,3.371344,-0.389393,-31.018946,5.027760,-0.703194,-29.067064,-2.932624,-0.477839,-24.709991,-2.986366,2.535523,-12.478408,-2.224257,2.535216,-12.486448,-2.224440,5.559612,-24.602817,-3.213355,4.449844,-35.259746,-3.855317,-0.082973,-24.192019,-1.428492,-0.176303,-27.934053,-1.427814,-0.429426,-5.356491,-5.507805,-0.935839,-10.404943,-5.942304,8.914725,-21.151830,-9.203203,8.028778,-31.076237,-10.932077,-1.408114,-24.634493,-4.164336,-1.421512,-24.818689,-4.163904,-3.491894,-12.025988,-0.732793,-3.537866,-15.502205,-0.784577,15.315447,-5.567040,-24.893161,15.315444,-5.567048,-24.893150,4.069344,-10.245004,9.545681,6.364523,-21.755504,7.782694,1.440979,-31.563587,-7.684606,1.892727,-28.158288,-7.430628,-5.589399,-8.690349,0.538474,-5.580699,-9.584097,0.584742,3
7.404310,-27.136419,-2.155638,-44.800922,52.901213,10.920240,-5.520451,54.729604,3.471640,-9.502168,-83.861423,41.366618,14.261832,-61.951876,-146.551712,-45.674462,-24.888304,59.210536,-45.146794,-25.337355,59.530337,3.658966,-13.142994,29.734724,5.437306,-12.132244,29.869375,2.442035,-31.769747,-10.321012,3.989012,-23.324206,-10.433294,-5.702838,-7.654952,9.673392,-6.918421,-0.419287,9.488620,2.542557,-22.417481,3.377174,-0.356316,-31.074179,5.015098,-0.705156,-29.105345,-2.932080,-0.478435,-24.721647,-2.986247,2.535131,-12.488248,-2.224476,2.536388,-12.456113,-2.223731,5.532721,-24.603024,-3.202582,4.473193,-35.290512,-3.873773,-0.083116,-24.198168,-1.428495,-0.198177,-28.811682,-1.426772,-0.429151,-5.353665,-5.507546,-0.941166,-10.456146,-5.946477,8.897337,-21.126099,-9.192756,8.049331,-31.122661,-10.953124,-1.406934,-24.618578,-4.164382,-1.474520,-25.547353,-4.161772,-3.491759,-12.014527,-0.732612,-3.538399,-15.540715,-0.785124,15.315442,-5.567046,-24.893155,15.315432,-5.567044,-24.893164,4.050792,-10.211713,9.551975,6.394267,-21.807356,7.765397,1.437012,-31.593000,-7.686677,1.885423,-28.214272,-7.435029,-5.589440,-8.688761,0.538390,-5.580330,-9.620210,0.586609,3
7.117885,-27.185208,-2.107131,-46.582575,52.662354,10.122630,-6.589738,59.474718,3.349798,-9.516191,-84.515339,41.009610,14.260732,-62.911776,-146.566996,-45.659480,-24.901422,59.219920,-45.111594,-25.366945,59.551305,3.700712,-13.119605,29.738664,5.426353,-12.139187,29.885284,2.435228,-31.807213,-10.320004,3.998475,-23.272768,-10.433277,-5.710289,-7.611012,9.672751,-6.927252,-0.366139,9.486697,2.522437,-22.351517,3.383675,-0.320611,-31.129338,5.000991,-0.707163,-29.144456,-2.931514,-0.479352,-24.739028,-2.986059,2.534784,-12.497511,-2.224701,2.537467,-12.428385,-2.223099,5.502628,-24.600365,-3.190188,4.498319,-35.320447,-3.893292,-0.083226,-24.202232,-1.428498,-0.216196,-29.535873,-1.425658,-0.428697,-5.348964,-5.507122,-0.947306,-10.514962,-5.951273,8.877260,-21.097848,-9.180990,8.071348,-31.167776,-10.974646,-1.405569,-24.599761,-4.164418,-1.522083,-26.201287,-4.159274,-3.491596,-12.001474,-0.732421,-3.539004,-15.585547,-0.785772,15.315439,-5.567038,-24.893166,15.315446,-5.567043,-24.893160,4.029816,-10.177266,9.558799,6.425457,-21.862790,7.747048,1.432823,-31.624122,-7.688873,1.877463,-28.275294,-7.439799,-5.589432,-8.687968,0.538359,-5.579901,-9.662009,0.588765,3
6.410378,-27.314198,-2.114248,-37.237424,40.797631,6.389538,60.185591,58.559378,7.369513,-9.461794,-84.989595,40.944489,14.258233,-63.616892,-145.789441,-45.658488,-24.902157,59.220446,-45.097248,-25.378904,59.559775,3.720711,-13.108055,29.737814,5.409872,-12.148879,29.892302,2.427007,-31.852356,-10.318774,4.007186,-23.225236,-10.433260,-5.719998,-7.553789,9.671882,-6.935452,-0.316590,9.484906,2.487835,-22.290728,3.395183,-0.291518,-31.169232,4.989022,-0.709775,-29.195628,-2.930782,-0.481234,-24.775063,-2.985682,2.534046,-12.516000,-2.225120,2.538010,-12.414207,-2.222771,5.466815,-24.589523,-3.174582,4.520326,-35.330045,-3.908483,-0.083367,-24.208038,-1.428498,-0.221768,-29.760173,-1.425283,-0.429363,-5.355835,-5.507752,-0.953961,-10.578789,-5.956456,8.858470,-21.051546,-9.166134,8.089250,-31.192429,-10.989426,-1.404647,-24.587130,-4.164446,-1.529236,-26.299552,-4.158849,-3.491520,-11.995830,-0.732340,-3.539610,-15.630624,-0.786439,15.315441,-5.567043,-24.893156,15.315441,-5.567045,-24.893160,4.011257,-10.129477,9.566331,6.442427,-21.897698,7.736536,1.430324,-31.642507,-7.690170,1.871347,-28.322210,-7.443469,-5.589352,-8.696072,0.538775,-5.579526,-9.698909,0.590679,3
5.806494,-27.435461,-2.109855,-42.110526,45.250683,7.091872,45.267932,62.796772,6.456252,-9.423110,-85.471612,40.869829,14.267074,-64.381401,-145.107518,-45.659409,-24.901506,59.219977,-45.084744,-25.389534,59.567310,3.738301,-13.098196,29.736388,5.389212,-12.160927,29.898666,2.418235,-31.900622,-10.317490,4.016093,-23.176820,-10.433222,-5.730639,-7.490993,9.670931,-6.943958,-0.265370,9.483022,2.449726,-22.225859,3.407776,-0.261023,-31.207294,4.976110,-0.712488,-29.248889,-2.930015,-0.483479,-24.818051,-2.985239,2.533318,-12.535068,-2.225562,2.538412,-12.403802,-2.222525,5.427645,-24.575337,-3.157265,4.543482,-35.336596,-3.924046,-0.083479,-24.212280,-1.428500,-0.224664,-29.875945,-1.425069,-0.429999,-5.362495,-5.508351,-0.961333,-10.649584,-5.962215,8.837551,-21.001069,-9.149857,8.107882,-31.213610,-11.003800,-1.403596,-24.572775,-4.164475,-1.533647,-26.360499,-4.158600,-3.491452,-11.989705,-0.732238,-3.540319,-15.681001,-0.787157,15.315446,-5.567043,-24.893156,15.315446,-5.567047,-24.893157,3.990951,-10.079179,9.574380,6.458969,-21.933212,7.726108,1.427860,-31.660835,-7.691468,1.864875,-28.371742,-7.447336,-5.589269,-8.705896,0.539284,-5.579098,-9.739972,0.592793,3
4.999840,-27.569203,-2.194506,-31.277324,36.205837,0.166443,79.685146,54.603208,11.810886,-8.918004,-85.825682,40.751563,14.527103,-64.500286,-144.790361,-45.655547,-24.904705,59.222269,-45.056287,-25.413519,59.584287,3.747932,-13.092712,29.737470,5.371005,-12.171935,29.911935,2.412378,-31.932776,-10.316610,4.021178,-23.149151,-10.433204,-5.744429,-7.409663,9.669684,-6.950452,-0.226262,9.481602,2.408785,-22.197403,3.421612,-0.247257,-31.238003,4.971358,-0.714954,-29.296837,-2.929318,-0.485034,-24.848060,-2.984923,2.532711,-12.550886,-2.225922,2.539070,-12.386948,-2.222138,5.381597,-24.589830,-3.140388,4.563031,-35.321760,-3.934802,-0.083494,-24.213229,-1.428511,-0.225635,-29.915434,-1.424995,-0.430460,-5.367470,-5.508809,-0.966495,-10.698846,-5.966205,8.809707,-20.981673,-9.137498,8.127892,-31.203058,-11.011566,-1.402993,-24.564468,-4.164492,-1.535479,-26.385743,-4.158479,-3.491482,-11.991668,-0.732270,-3.540608,-15.702390,-0.787472,15.315445,-5.567043,-24.893150,15.315431,-5.567038,-24.893167,3.970533,-10.041042,9.581335,6.456789,-21.916301,7.728790,1.424939,-31.682508,-7.692988,1.864193,-28.376986,-7.447747,-5.589172,-8.717003,0.539862,-5.578979,-9.751233,0.593380,3
4.330909,-27.674546,-2.247345,-36.627647,41.040695,1.872037,57.543106,55.870671,9.310677,-8.410749,-86.248887,40.612065,14.740347,-64.678930,-144.525101,-45.652433,-24.907353,59.224167,-45.027274,-25.437665,59.601372,3.754512,-13.088927,29.738387,5.349387,-12.184806,29.925574,2.406436,-31.965499,-10.315719,4.025911,-23.123317,-10.433167,-5.840844,-6.840648,9.660343,-6.956907,-0.187284,9.480153,2.364606,-22.170077,3.436528,-0.234366,-31.266273,4.966871,-0.717467,-29.345838,-2.928609,-0.486814,-24.882211,-2.984568,2.532108,-12.566800,-2.226288,2.539626,-12.372447,-2.221798,5.331977,-24.605133,-3.122124,4.583106,-35.301750,-3.945253,-0.083480,-24.212470,-1.428506,-0.226756,-29.959980,-1.424903,-0.430919,-5.372041,-5.509218,-0.971964,-10.751211,-5.970461,8.779242,-20.962691,-9.124433,8.148713,-31.185708,-11.018158,-1.402345,-24.555465,-4.164515,-1.537451,-26.412668,-4.158357,-3.491510,-11.994229,-0.732304,-3.540906,-15.724583,-0.787783,15.315445,-5.567040,-24.893162,15.315443,-5.567054,-24.893154,3.948667,-10.002345,9.588596,6.451921,-21.893373,7.733171,1.421960,-31.704539,-7.694536,1.863936,-28.378911,-7.447887,-5.589052,-8.729675,0.540527,-5.578862,-9.762253,0.593950,3
3.753483,-27.732708,-2.276170,-39.592409,43.500950,3.086208,39.754583,51.493209,7.047169,-7.926179,-86.716187,40.458666,14.943745,-64.917352,-144.268786,-45.649951,-24.909530,59.225718,-44.997869,-25.462158,59.618695,3.758118,-13.086646,29.739146,5.324646,-12.199576,29.939554,2.400373,-31.998800,-10.314775,4.030344,-23.099270,-10.433162,-5.948393,-6.205005,9.648761,-6.963344,-0.148438,9.478723,2.317273,-22.143874,3.452488,-0.222348,-31.292149,4.962631,-0.720029,-29.395866,-2.927870,-0.488816,-24.920398,-2.984168,2.531461,-12.582762,-2.226658,2.540103,-12.360210,-2.221517,5.278828,-24.621209,-3.102493,4.603641,-35.276672,-3.955392,-0.083439,-24.210036,-1.428502,-0.227971,-30.009442,-1.424824,-0.431309,-5.376237,-5.509591,-0.977765,-10.806590,-5.974933,8.746227,-20.944079,-9.110673,8.170300,-31.161701,-11.023592,-1.401638,-24.545813,-4.164532,-1.539520,-26.441247,-4.158235,-3.491544,-11.997367,-0.732363,-3.541220,-15.747561,-0.788125,15.315451,-5.567040,-24.893156,15.315442,-5.567046,-24.893157,3.925363,-9.963109,9.596108,6.444465,-21.864637,7.739211,1.418926,-31.726927,-7.696106,1.864115,-28.377576,-7.447785,-5.588904,-8.743890,0.541253,-5.578746,-9.773017,0.594503,3
3.368914,-27.829028,-2.302241,-50.602328,58.501499,-4.974541,4.084565,72.198545,-1.267156,-8.136078,-86.970892,40.376992,14.871071,-65.087174,-144.356307,-45.636428,-24.921199,59.234058,-44.943716,-25.507041,59.650416,3.759484,-13.086714,29.745171,5.329366,-12.197697,29.962986,2.396964,-32.017565,-10.314276,4.030705,-23.097311,-10.433152,-6.142340,-5.056474,9.624838,-6.968487,-0.117481,9.477580,2.277597,-22.139029,3.466035,-0.195166,-31.315572,4.950157,-0.720794,-29.410917,-2.927653,-0.489837,-24.940133,-2.983957,2.531533,-12.581125,-2.226624,2.540898,-12.339726,-2.221036,5.231776,-24.652415,-3.086920,4.620682,-35.258975,-3.964145,-0.082853,-24.187794,-1.428485,-0.228528,-30.031865,-1.424775,-0.430467,-5.367261,-5.508785,-0.980206,-10.830011,-5.976827,8.714599,-20.945193,-9.101145,8.182680,-31.145488,-11.026124,-1.400666,-24.532415,-4.164565,-1.541010,-26.461893,-4.158145,-3.491518,-11.996629,-0.732345,-3.541186,-15.744717,-0.788079,15.315441,-5.567042,-24.893158,15.315444,-5.567039,-24.893156,3.910243,-9.924045,9.602151,6.428190,-21.849612,7.747344,1.415663,-31.751296,-7.697836,1.866456,-28.359493,-7.446374,-5.588731,-8.763546,0.542271,-5.578994,-9.749190,0.593271,3
3.058636,-27.906094,-2.250051,-37.581566,61.256098,-8.123994,4.030422,71.591649,-15.123275,-8.196170,-87.488522,40.706207,14.740925,-65.339492,-144.487345,-45.616496,-24.938477,59.246413,-44.885713,-25.555303,59.684494,3.749900,-13.092750,29.754481,5.345916,-12.189248,29.987588,2.394919,-32.028731,-10.313964,4.032847,-23.085656,-10.433128,-6.379377,-3.647870,9.590143,-6.972339,-0.094189,9.476717,2.240180,-22.143358,3.478925,-0.156384,-31.353994,4.932715,-0.722323,-29.440807,-2.927232,-0.490485,-24.952530,-2.983822,2.531594,-12.579609,-2.226580,2.541811,-12.316299,-2.220504,5.185219,-24.710620,-3.074341,4.638140,-35.258201,-3.975180,-0.082745,-24.183184,-1.428485,-0.228930,-30.047658,-1.424739,-0.430009,-5.362573,-5.508356,-0.980948,-10.837056,-5.977400,8.678623,-20.981103,-9.096910,8.192213,-31.145819,-11.031039,-1.400522,-24.530395,-4.164566,-1.542102,-26.476600,-4.158064,-3.491506,-11.994913,-0.732323,-3.540983,-15.730922,-0.787887,15.315444,-5.567043,-24.893161,15.315444,-5.567048,-24.893160,3.899298,-9.916805,9.604693,6.414537,-21.830943,7.754788,1.411836,-31.779494,-7.699797,1.868195,-28.346243,-7.445339,-5.588564,-8.782311,0.543241,-5.579295,-9.720468,0.591786,3
2.723485,-27.989754,-2.208960,-40.914466,60.135442,-4.960445,7.250079,72.158161,-10.865697,-8.247863,-88.132512,41.078572,14.574723,-65.713373,-144.648310,-45.595098,-24.956752,59.259469,-44.823642,-25.605786,59.720100,3.736246,-13.101095,29.764676,5.364077,-12.178918,30.013613,2.393270,-32.037872,-10.313734,4.034631,-23.075870,-10.433126,-6.544470,-2.663026,9.562430,-6.975869,-0.072836,9.475926,2.201611,-22.151756,3.492265,-0.115153,-31.392683,4.913922,-0.723826,-29.470303,-2.926795,-0.491133,-24.964998,-2.983690,2.531706,-12.576543,-2.226508,2.542699,-12.293241,-2.219965,5.136863,-24.774652,-3.061542,4.655664,-35.256999,-3.986208,-0.082638,-24.178116,-1.428479,-0.229314,-30.063454,-1.424720,-0.429465,-5.357023,-5.507856,-0.981349,-10.840914,-5.977714,8.640403,-21.024102,-9.093282,8.201006,-31.144590,-11.035228,-1.400433,-24.529198,-4.164564,-1.543121,-26.490882,-4.158005,-3.491500,-11.993097,-0.732288,-3.540761,-15.713700,-0.787627,15.315449,-5.567041,-24.893154,15.315451,-5.567043,-24.893155,3.888700,-9.913773,9.606791,6.398617,-21.808960,7.763472,1.407881,-31.808687,-7.701844,1.870331,-28.329882,-7.444069,-5.588350,-8.802505,0.544288,-5.579625,-9.687658,0.590100,3
2.374208,-28.072011,-2.175885,-37.414225,51.333504,-2.369702,8.174151,62.069905,-6.686669,-8.282812,-88.830078,41.449301,14.390078,-66.182203,-144.819516,-45.572507,-24.976511,59.273582,-44.546587,-25.831830,59.879056,3.719091,-13.111672,29.775664,5.404338,-12.159231,30.132241,2.391974,-32.045007,-10.313525,4.036088,-23.067948,-10.433131,-6.657131,-1.989108,9.541816,-6.979109,-0.053351,9.475212,2.161908,-22.164115,3.506058,-0.071549,-31.431639,4.893827,-0.725310,-29.499409,-2.926363,-0.491792,-24.977528,-2.983556,2.531887,-12.571964,-2.226414,2.543568,-12.270619,-2.219438,5.086738,-24.844334,-3.048516,4.673276,-35.255409,-3.997225,-0.082475,-24.172610,-1.428477,-0.229730,-30.079238,-1.424680,-0.428864,-5.350618,-5.507279,-0.981407,-10.841619,-5.977772,8.599951,-21.073992,-9.090228,8.209103,-31.141869,-11.038704,-1.400410,-24.528790,-4.164565,-1.544128,-26.504718,-4.157944,-3.491451,-11.991200,-0.732264,-3.540475,-15.693169,-0.787336,15.315435,-5.567044,-24.893156,15.315445,-5.567052,-24.893158,3.878450,-9.914830,9.608471,6.380514,-21.783732,7.773362,1.403795,-31.838831,-7.703947,1.872876,-28.310465,-7.442551,-5.588137,-8.824099,0.545409,-5.580013,-9.650884,0.588194,3
2.013969,-28.153237,-2.147621,-44.425486,58.254407,-1.213881,10.818898,70.710741,-5.548387,-8.300106,-89.532552,41.795504,14.202533,-66.709752,-144.985337,-45.548578,-24.997062,59.288252,-44.224943,-26.090305,60.059863,3.698051,-13.124556,29.787489,5.450712,-12.136703,30.269621,2.391032,-32.050212,-10.313377,4.037209,-23.061808,-10.433124,-6.743469,-1.471470,9.525089,-6.982026,-0.035671,9.474533,2.121106,-22.180345,3.520310,-0.025637,-31.470854,4.872438,-0.726777,-29.528154,-2.925948,-0.492445,-24.990129,-2.983428,2.532130,-12.565888,-2.226269,2.544442,-12.248344,-2.218926,5.031441,-24.985546,-3.040659,4.690931,-35.253404,-4.008242,-0.082338,-24.166671,-1.428471,-0.230101,-30.095009,-1.424654,-0.428164,-5.343391,-5.506620,-0.981183,-10.839313,-5.977581,8.557360,-21.130615,-9.087703,8.216530,-31.137673,-11.041503,-1.400425,-24.529191,-4.164570,-1.545106,-26.518144,-4.157871,-3.491432,-11.989194,-0.732231,-3.540162,-15.669385,-0.786993,15.315440,-5.567045,-24.893151,15.315436,-5.567045,-24.893158,3.868519,-9.919893,9.609757,6.360264,-21.755355,7.784422,1.399609,-31.869903,-7.706129,1.875795,-28.288067,-7.440795,-5.587933,-8.847090,0.546600,-5.580430,-9.610263,0.586089,3
1.813966,-27.988369,-2.325302,-31.701124,37.952435,-17.284263,-7.562719,18.054527,4.160107,-8.865306,-91.490522,42.498813,14.066593,-68.965250,-145.372435,-45.526171,-25.016209,59.301919,-44.190336,-26.117232,60.078633,3.657102,-13.148500,29.799809,5.466957,-12.126960,30.283674,2.388457,-32.064335,-10.312981,4.041815,-23.036834,-10.433080,-6.750129,-1.431466,9.523731,-6.982267,-0.034243,9.474482,2.085687,-22.210661,3.532965,0.026921,-31.535135,4.849335,-0.729993,-29.591189,-2.925016,-0.493395,-25.008323,-2.983226,2.531631,-12.578533,-2.226565,2.545116,-12.231016,-2.218525,4.978524,-25.206336,-3.041721,4.710801,-35.275986,-4.023628,-0.083169,-24.199902,-1.428489,-0.230559,-30.113031,-1.424610,-0.430816,-5.370990,-5.509121,-0.981444,-10.841705,-5.977773,8.520929,-21.181673,-9.085968,8.221755,-31.173798,-11.052549,-1.403924,-24.577112,-4.164464,-1.546378,-26.535557,-4.157792,-3.491857,-12.022327,-0.732740,-3.540033,-15.660776,-0.786875,15.315452,-5.567044,-24.893147,15.315446,-5.567039,-24.893156,3.859909,-9.917524,9.611457,6.345087,-21.780762,7.787828,1.390937,-31.933960,-7.710609,1.876107,-28.285672,-7.440617,-5.587331,-8.909157,0.549812,-5.580604,-9.592408,0.585167,3
1.951170,-27.894250,-2.189845,3.437687,44.023540,2.041098,-17.546697,29.628740,-18.676184,-9.399042,-92.295038,42.181039,13.875724,-71.127935,-145.873180,-45.512681,-25.027714,59.310126,-44.165957,-26.137377,60.092674,3.634248,-13.162103,29.807199,5.477707,-12.121462,30.293829,2.386700,-32.074015,-10.312715,4.048273,-23.001553,-10.433040,-6.749618,-1.434523,9.523842,-6.983022,-0.029631,9.474308,2.068772,-22.250279,3.539442,0.067640,-31.587587,4.831539,-0.732827,-29.646362,-2.924198,-0.494014,-25.020149,-2.983106,2.530811,-12.599776,-2.227051,2.545599,-12.218401,-2.218223,4.948191,-25.257703,-3.034414,4.729406,-35.285918,-4.036704,-0.083684,-24.220409,-1.428506,-0.230627,-30.116099,-1.424614,-0.432820,-5.391799,-5.511002,-0.982107,-10.848110,-5.978288,8.495379,-21.208712,-9.083062,8.228865,-31.199625,-11.062180,-1.405816,-24.603140,-4.164413,-1.546592,-26.538529,-4.157784,-3.492145,-12.044610,-0.733081,-3.539932,-15.653680,-0.786759,15.315444,-5.567037,-24.893160,15.315445,-5.567043,-24.893152,3.845436,-9.904081,9.615144,6.331859,-21.805983,7.790470,1.386404,-31.967468,-7.712939,1.876568,-28.282173,-7.440334,-5.586977,-8.948194,0.551839,-5.580667,-9.586662,0.584872,3
2.002168,-27.843939,-2.059948,-5.576511,42.409308,1.719457,-12.378026,35.699310,-15.604692,-9.825020,-93.011882,41.946001,13.713087,-72.889993,-146.251963,-45.499448,-25.038951,59.318144,-44.142023,-26.155799,60.105508,3.609454,-13.176633,29.814534,5.487795,-12.115840,30.303779,2.385150,-32.082531,-10.312492,4.055091,-22.964437,-10.432993,-6.749534,-1.435051,9.523851,-6.983405,-0.027332,9.474217,2.054124,-22.295175,3.545246,0.108951,-31.640849,4.813385,-0.735724,-29.703271,-2.923350,-0.494618,-25.031642,-2.982980,2.529908,-12.622855,-2.227581,2.546040,-12.207152,-2.217968,4.919221,-25.310693,-3.027794,4.748094,-35.296028,-4.049863,-0.084220,-24.242393,-1.428520,-0.230662,-30.117284,-1.424605,-0.434992,-5.414233,-5.513025,-0.982653,-10.853350,-5.978718,8.470377,-21.236696,-9.080485,8.235538,-31.226621,-11.071873,-1.407851,-24.630999,-4.164351,-1.546656,-26.539550,-4.157785,-3.492448,-12.068492,-0.733438,-3.539828,-15.645880,-0.786656,15.315449,-5.567040,-24.893160,15.315445,-5.567047,-24.893162,3.830500,-9.891268,9.618839,6.317849,-21.833802,7.793199,1.381939,-32.000382,-7.715236,1.877090,-28.278211,-7.440027,-5.586578,-8.988547,0.553929,-5.580715,-9.581908,0.584618,3
1.753449,-27.763680,-1.963854,-19.935495,50.691999,10.127560,13.324604,39.959364,-2.722788,-9.871236,-94.180545,41.751608,13.792418,-73.446833,-146.396830,-45.486102,-25.050399,59.326307,-44.117361,-26.175225,60.119029,3.585029,-13.191027,29.821897,5.491714,-12.113753,30.314254,2.382243,-32.098605,-10.312034,4.061590,-22.929090,-10.432949,-6.743429,-1.471700,9.525071,-6.983055,-0.029450,9.474304,2.043650,-22.310253,3.549129,0.135529,-31.676699,4.801777,-0.736720,-29.722634,-2.923062,-0.494762,-25.034560,-2.982958,2.529801,-12.625245,-2.227640,2.546524,-12.194479,-2.217659,4.902364,-25.347524,-3.024523,4.761439,-35.295296,-4.058282,-0.084433,-24.250881,-1.428533,-0.230203,-30.098666,-1.424636,-0.436213,-5.426837,-5.514159,-0.982870,-10.855382,-5.978882,8.454486,-21.270676,-9.081881,8.241894,-31.241546,-11.078590,-1.408861,-24.644919,-4.164317,-1.545762,-26.527150,-4.157837,-3.492673,-12.086573,-0.733718,-3.539722,-15.638071,-0.786536,15.315440,-5.567040,-24.893156,15.315447,-5.567040,-24.893153,3.819205,-9.907435,9.619403,6.304720,-21.848747,7.796899,1.378718,-32.024199,-7.716888,1.877367,-28.276044,-7.439850,-5.586308,-9.018764,0.555500,-5.580747,-9.579639,0.584515,3
1.471031,-27.724625,-1.877093,-24.721921,53.547475,8.819858,14.005029,48.191992,-3.077265,-9.923217,-95.293060,41.585866,13.842817,-73.944381,-146.512371,-45.473165,-25.061409,59.334157,-44.093173,-26.193950,60.132059,3.559139,-13.206359,29.829249,5.494653,-12.112119,30.324528,2.379269,-32.114865,-10.311577,4.068307,-22.892572,-10.432874,-6.736792,-1.511592,9.526381,-6.982308,-0.034007,9.474476,2.035542,-22.325115,3.552192,0.160442,-31.710641,4.790891,-0.737501,-29.737899,-2.922837,-0.494851,-25.035964,-2.982933,2.529778,-12.626077,-2.227656,2.546994,-12.182671,-2.217396,4.888340,-25.383245,-3.022300,4.774045,-35.293143,-4.066056,-0.084618,-24.258541,-1.428533,-0.229634,-30.075741,-1.424691,-0.437419,-5.439293,-5.515286,-0.982930,-10.856028,-5.978931,8.440330,-21.306227,-9.084110,8.247851,-31.255638,-11.084910,-1.409819,-24.658228,-4.164288,-1.544618,-26.511291,-4.157907,-3.492918,-12.105078,-0.734000,-3.539601,-15.629726,-0.786419,15.315435,-5.567039,-24.893156,15.315445,-5.567044,-24.893151,3.808070,-9.928289,9.619550,6.291106,-21.863833,7.800795,1.375747,-32.046209,-7.718422,1.877660,-28.273801,-7.439683,-5.586021,-9.048515,0.557021,-5.580748,-9.578490,0.584441,3
1.174319,-27.715142,-1.799977,-30.840675,60.409189,8.437982,15.460333,58.929380,-3.595816,-9.977833,-96.331600,41.446356,13.880765,-74.448531,-146.620688,-45.460718,-25.072119,59.341791,-44.069783,-26.212488,60.144958,3.531864,-13.222718,29.836555,5.497066,-12.111025,30.334530,2.376285,-32.131293,-10.311132,4.075219,-22.854873,-10.432823,-6.729589,-1.554750,9.527823,-6.981135,-0.041013,9.474743,2.029798,-22.339774,3.554427,0.183675,-31.742675,4.780721,-0.738067,-29.749053,-2.922673,-0.494822,-25.035857,-2.982940,2.529825,-12.625344,-2.227649,2.547397,-12.171718,-2.217136,4.877149,-25.417874,-3.021139,4.785943,-35.289559,-4.073205,-0.084815,-24.265397,-1.428528,-0.228943,-30.048459,-1.424740,-0.438591,-5.451566,-5.516401,-0.982861,-10.855286,-5.978867,8.427938,-21.343390,-9.087174,8.253418,-31.268881,-11.090850,-1.410758,-24.670937,-4.164262,-1.543208,-26.491978,-4.157998,-3.493153,-12.123973,-0.734287,-3.539486,-15.620799,-0.786290,15.315444,-5.567041,-24.893159,15.315441,-5.567040,-24.893164,3.797115,-9.953837,9.619262,6.277005,-21.879081,7.804896,1.372998,-32.066454,-7.719828,1.877965,-28.271447,-7.439499,-5.585731,-9.077793,0.558554,-5.580751,-9.578478,0.584445,3
0.788838,-27.965769,-1.846242,-27.744132,29.757189,-3.960845,21.338021,61.668784,1.929954,-10.027024,-96.796816,41.171645,14.069209,-74.942933,-146.882770,-45.437589,-25.091531,59.355628,-44.046178,-26.231446,60.158142,3.501791,-13.240315,29.848503,5.503286,-12.107687,30.344423,2.373850,-32.144642,-10.310753,4.080437,-22.826501,-10.432788,-6.721808,-1.601418,9.529319,-6.980412,-0.045429,9.474906,2.042861,-22.360643,3.550261,0.200905,-31.760705,4.772747,-0.736892,-29.726205,-2.923006,-0.494302,-25.025886,-2.983050,2.530660,-12.603557,-2.227143,2.548272,-12.148850,-2.216594,4.882718,-25.458301,-3.027585,4.800147,-35.265515,-4.079289,-0.084753,-24.263076,-1.428528,-0.227991,-30.010040,-1.424806,-0.437958,-5.444951,-5.515802,-0.981003,-10.837469,-5.977441,8.422406,-21.408876,-9.097731,8.265330,-31.247406,-11.091901,-1.411266,-24.677990,-4.164238,-1.541274,-26.465306,-4.158113,-3.493214,-12.128148,-0.734358,-3.539161,-15.596954,-0.785954,15.315461,-5.567048,-24.893155,15.315450,-5.567044,-24.893148,3.796796,-9.991822,9.616081,6.256269,-21.847050,7.816464,1.373340,-32.063888,-7.719654,1.880546,-28.251707,-7.437952,-5.585673,-9.081602,0.558748,-5.580891,-9.563367,0.583665,3
0.420260,-28.157955,-1.873159,-31.640256,37.064228,-2.846979,20.047550,64.015661,0.927818,-10.075882,-97.265015,40.941052,14.249404,-75.503313,-147.152120,-45.413891,-25.112193,59.370345,-44.023168,-26.249687,60.170822,3.470662,-13.259193,29.860909,5.509191,-12.104677,30.354175,2.371480,-32.157715,-10.310399,4.085589,-22.798401,-10.432729,-6.713505,-1.651245,9.530984,-6.979401,-0.051504,9.475125,2.060340,-22.382178,3.544556,0.215975,-31.775311,4.765675,-0.735317,-29.695439,-2.923476,-0.493672,-25.013342,-2.983174,2.531660,-12.577702,-2.226536,2.549214,-12.125110,-2.216056,4.892822,-25.498609,-3.035938,4.814066,-35.237577,-4.084699,-0.084646,-24.258859,-1.428531,-0.226925,-29.966562,-1.424893,-0.437053,-5.435685,-5.514959,-0.978760,-10.816240,-5.975722,8.419183,-21.479453,-9.109998,8.277754,-31.220627,-11.091966,-1.411687,-24.683784,-4.164228,-1.539050,-26.434802,-4.158265,-3.493226,-12.130691,-0.734401,-3.538808,-15.570658,-0.785565,15.315445,-5.567047,-24.893159,15.315436,-5.567045,-24.893165,3.798075,-10.035305,9.612154,6.234271,-21.808859,7.829179,1.374303,-32.056811,-7.719152,1.883425,-28.229568,-7.436226,-5.585685,-9.081654,0.558745,-5.581059,-9.547141,0.582832,3
0.060236,-28.292993,-1.886886,-32.738896,40.554909,-1.768822,17.139901,59.263380,0.132951,-10.128017,-97.765267,40.726554,14.421895,-76.123695,-147.428905,-45.388744,-25.133414,59.385452,-44.000254,-26.267422,60.183144,3.437669,-13.278756,29.873978,5.514690,-12.101536,30.363754,2.369158,-32.170533,-10.310021,4.090699,-22.770568,-10.432658,-6.704686,-1.704138,9.532677,-6.978127,-0.059202,9.475409,2.082167,-22.404360,3.537342,0.228961,-31.786577,4.759479,-0.733372,-29.657008,-2.924041,-0.492883,-24.998332,-2.983336,2.532829,-12.547866,-2.225852,2.550157,-12.100519,-2.215474,4.907342,-25.538795,-3.046164,4.827720,-35.205842,-4.089448,-0.084482,-24.252806,-1.428525,-0.225707,-29.918174,-1.424995,-0.435929,-5.423845,-5.513893,-0.976201,-10.791704,-5.973720,8.418253,-21.554983,-9.123928,8.290725,-31.188674,-11.091086,-1.412033,-24.688381,-4.164212,-1.536573,-26.400597,-4.158414,-3.493252,-12.131646,-0.734413,-3.538406,-15.541990,-0.785151,15.315432,-5.567048,-24.893159,15.315442,-5.567044,-24.893160,3.800865,-10.084161,9.607515,6.210980,-21.764681,7.842967,1.375858,-32.045347,-7.718353,1.886639,-28.205117,-7.434312,-5.585725,-9.078050,0.558563,-5.581245,-9.529866,0.581934,3
-0.819474,-28.392373,-2.212948,-106.307564,38.691274,-45.279571,18.636014,52.806061,1.030255,-9.647599,-98.737554,41.511570,14.118628,-76.294580,-147.529855,-45.357576,-25.159803,59.404235,-43.973428,-26.288560,60.197822,3.390808,-13.306976,29.890770,5.504837,-12.107680,30.375751,2.369143,-32.170600,-10.310037,4.095040,-22.747025,-10.432621,-6.696444,-1.753518,9.534277,-6.975110,-0.077522,9.476103,2.118536,-22.443480,3.525302,0.250419,-31.806363,4.749304,-0.730968,-29.610314,-2.924740,-0.491716,-24.976254,-2.983577,2.534218,-12.511873,-2.225008,2.551330,-12.070142,-2.214763,4.927821,-25.611997,-3.062333,4.845982,-35.177673,-4.097551,-0.084740,-24.262610,-1.428533,-0.224867,-29.884315,-1.425041,-0.435405,-5.418685,-5.513428,-0.974522,-10.775728,-5.972444,8.235018,-22.825995,-9.303865,8.305175,-31.151857,-11.089805,-1.413990,-24.715437,-4.164150,-1.536030,-26.393038,-4.158440,-3.493424,-12.145551,-0.734627,-3.538160,-15.524240,-0.784880,15.315443,-5.567041,-24.893161,15.315446,-5.567041,-24.893149,3.814742,-10.143560,9.600007,6.187485,-21.709395,7.857928,1.376212,-32.042726,-7.718172,1.887517,-28.198283,-7.433768,-5.585708,-9.078902,0.558594,-5.581415,-9.513561,0.581097,3
-1.534432,-28.481750,-2.438468,-81.216155,38.892808,-30.435709,16.421331,51.098511,0.362223,-9.138657,-99.843595,42.307752,13.814760,-76.516083,-147.641605,-45.324527,-25.188061,59.424331,-43.946792,-26.309669,60.212479,3.341265,-13.336577,29.908436,5.493081,-12.115306,30.387874,2.369444,-32.168932,-10.310066,4.099222,-22.724199,-10.432586,-6.687847,-1.805047,9.535943,-6.971628,-0.098470,9.476872,2.160260,-22.485175,3.511385,0.271147,-31.824382,4.739382,-0.728221,-29.556235,-2.925523,-0.490430,-24.951264,-2.983837,2.535782,-12.471804,-2.224104,2.552569,-12.038336,-2.214019,4.952673,-25.689034,-3.080823,4.864538,-35.146765,-4.105486,-0.084998,-24.272758,-1.428536,-0.223953,-29.848080,-1.425122,-0.434793,-5.412206,-5.512843,-0.972675,-10.758006,-5.971001,8.075584,-23.949427,-9.462111,8.320210,-31.110154,-11.087666,-1.416078,-24.744178,-4.164097,-1.535473,-26.385544,-4.158484,-3.493618,-12.159673,-0.734837,-3.537907,-15.505831,-0.784620,15.315451,-5.567040,-24.893160,15.315443,-5.567045,-24.893152,3.831207,-10.208677,9.591545,6.162876,-21.647800,7.873908,1.376916,-32.037500,-7.717816,1.888396,-28.191637,-7.433245,-5.585725,-9.077255,0.558521,-5.581580,-9.496471,0.580203,3
-2.148390,-28.570278,-2.601433,-70.011394,41.007372,-22.905421,16.056272,53.417643,-0.060161,-8.674855,-100.918371,43.000030,13.487600,-76.803423,-147.771593,-45.289806,-25.217101,59.444980,-43.919572,-26.330688,60.227053,3.288548,-13.368027,29.927103,5.479048,-12.123744,30.400187,2.370053,-32.165610,-10.310159,4.103294,-22.702084,-10.432524,-6.678909,-1.858652,9.537658,-6.967743,-0.121961,9.477745,2.207150,-22.529382,3.495619,0.291156,-31.840704,4.729719,-0.725083,-29.494959,-2.926429,-0.488973,-24.923436,-2.984127,2.537475,-12.427790,-2.223081,2.553835,-12.005162,-2.213245,4.973674,-25.919142,-3.113748,4.883452,-35.113194,-4.113258,-0.085245,-24.283263,-1.428546,-0.223010,-29.809546,-1.425192,-0.434042,-5.404391,-5.512130,-0.970650,-10.738566,-5.969417,7.980348,-24.690481,-9.569526,8.335847,-31.063695,-11.084697,-1.418300,-24.774518,-4.164020,-1.534933,-26.378115,-4.158516,-3.493792,-12.174018,-0.735049,-3.537652,-15.486738,-0.784345,15.315451,-5.567040,-24.893156,15.315440,-5.567049,-24.893153,3.850176,-10.279394,9.582106,6.137219,-21.580043,7.890903,1.377980,-32.029725,-7.717290,1.889223,-28.185121,-7.432737,-5.585775,-9.073144,0.558315,-5.581748,-9.478663,0.579288,3
-2.807778,-28.803180,-2.932984,-27.301658,18.782622,-38.625020,65.819774,51.673990,8.197905,-8.525933,-101.133607,42.849641,13.481698,-77.004426,-147.687241,-45.278785,-25.226694,59.451794,-43.899133,-26.346298,60.237880,3.254080,-13.388541,29.934281,5.471456,-12.128378,30.409338,2.371592,-32.157138,-10.310400,4.110657,-22.661962,-10.432425,-6.669831,-1.913025,9.539392,-6.963073,-0.150100,9.478794,2.257130,-22.565024,3.478577,0.315673,-31.847031,4.716881,-0.721453,-29.423838,-2.927467,-0.487459,-24.894436,-2.984439,2.538876,-12.391622,-2.222237,2.555056,-11.973634,-2.212504,5.017912,-25.953407,-3.136350,4.897919,-35.076599,-4.117838,-0.084965,-24.271681,-1.428529,-0.221908,-29.765516,-1.425264,-0.432397,-5.387424,-5.510609,-0.968537,-10.718380,-5.967799,8.019454,-24.713515,-9.588902,8.348301,-31.001968,-11.076527,-1.418801,-24.781659,-4.164005,-1.534964,-26.378464,-4.158507,-3.493703,-12.166311,-0.734930,-3.537427,-15.470619,-0.784112,15.315447,-5.567039,-24.893158,15.315438,-5.567051,-24.893157,3.886998,-10.299212,9.573776,6.101076,-21.442945,7.918878,1.383354,-31.989956,-7.714496,1.886322,-28.207457,-7.434489,-5.586123,-9.036173,0.556379,-5.581795,-9.475865,0.579155,3
24.575698,-15.823248,-3.323191,92.757163,-23.845566,7.224852,53.433096,-83.544545,11.070884,-8.442455,-46.639698,42.394447,18.111801,-17.061659,-145.338329,-45.578801,-24.970838,59.269530,-44.718031,-25.692738,59.781341,2.885095,-13.589790,29.828447,4.514614,-12.674154,30.101918,2.321235,-32.434295,-10.302516,4.326781,-21.484694,-10.427407,-5.610225,-8.200701,9.681068,-6.701995,-1.720300,9.533215,3.188240,-23.321836,3.147558,0.272646,-32.387592,4.779227,-0.720822,-29.411526,-2.927655,-0.433584,-23.862844,-2.994816,2.544459,-12.248094,-2.218918,2.611825,-10.491114,-2.177014,6.144564,-26.224986,-3.654757,5.473435,-36.832969,-4.731213,-0.094115,-24.638742,-1.428724,-0.164076,-27.443651,-1.428246,-0.415380,-5.210602,-5.494601,-0.944111,-10.484372,-5.948776,9.685128,-21.916956,-9.604147,8.808525,-34.133945,-12.103073,-1.393764,-24.437564,-4.164753,-1.525641,-26.250361,-4.159072,-3.488466,-11.755781,-0.728657,-3.554093,-16.677025,-0.801420,15.315445,-5.567047,-24.893159,15.315437,-5.567040,-24.893157,5.062534,-10.582491,9.329633,7.583596,-23.049161,7.128957,1.382929,-31.993087,-7.714716,1.364238,-32.131042,-7.724309,-5.593016,-8.297053,0.518070,-5.560586,-11.415939,0.679122,3
24.882749,-15.421917,-3.355336,115.310833,-28.928911,5.333788,60.933748,-100.002714,11.026469,-8.422923,-45.731852,42.544281,17.771657,-16.261818,-145.438337,-45.601164,-24.951669,59.255836,-44.754861,-25.662581,59.760112,2.884883,-13.588940,29.818610,4.483788,-12.691416,30.087651,2.325846,-32.408854,-10.303247,4.331611,-21.458386,-10.427232,-5.604291,-8.235579,9.681518,-6.692051,-1.779918,9.535142,3.178202,-23.303777,3.151312,0.236517,-32.380810,4.798734,-0.722084,-29.436428,-2.927290,-0.436292,-23.914641,-2.994315,2.543326,-12.277004,-2.219589,2.609973,-10.539571,-2.178200,6.128119,-26.218928,-3.646847,5.459265,-36.818140,-4.719511,-0.094389,-24.649828,-1.428736,-0.165410,-27.497125,-1.428213,-0.416778,-5.225174,-5.495917,-0.951732,-10.557425,-5.954717,9.660156,-21.937239,-9.600407,8.815812,-34.167516,-12.116099,-1.394907,-24.453360,-4.164727,-1.536538,-26.400215,-4.158413,-3.488728,-11.776091,-0.728966,-3.562561,-17.279920,-0.809946,15.315453,-5.567039,-24.893163,15.315442,-5.567044,-24.893160,5.033633,-10.596544,9.333623,7.694827,-23.511592,7.021815,1.376628,-32.039663,-7.717960,1.276079,-32.779365,-7.768757,-5.592703,-8.332938,0.519937,-5.553255,-12.023992,0.710305,3
25.362977,-14.878948,-3.248924,103.977312,-23.253894,15.547597,36.836062,-99.166866,0.670004,-8.541915,-44.852256,42.538663,16.387938,-14.956760,-144.864710,-45.637231,-24.920718,59.233714,-44.766238,-25.653153,59.753475,2.882900,-13.588840,29.802978,4.475777,-12.695742,30.083124,2.329886,-32.386660,-10.303888,4.336160,-21.433556,-10.427078,-5.599752,-8.262423,9.681857,-6.682835,-1.835112,9.536905,3.176692,-23.285517,3.151945,0.216573,-32.430887,4.813496,-0.723143,-29.456812,-2.926989,-0.441327,-24.011041,-2.993385,2.542297,-12.303628,-2.220199,2.607651,-10.600707,-2.179690,6.113038,-26.201341,-3.638047,5.442554,-36.827235,-4.709570,-0.094533,-24.655824,-1.428743,-0.167193,-27.568602,-1.428145,-0.418338,-5.241430,-5.497389,-0.977167,-10.800972,-5.974476,9.638475,-21.935449,-9.593019,8.815401,-34.222078,-12.130336,-1.395714,-24.464313,-4.164697,-1.610651,-27.420556,-4.153184,-3.488920,-11.791532,-0.729204,-3.570548,-17.843201,-0.817821,15.315450,-5.567043,-24.893160,15.315445,-5.567043,-24.893156,5.003139,-10.603714,9.338637,7.875279,-24.679725,6.789591,1.371151,-32.080029,-7.720774,1.197653,-33.352824,-7.807207,-5.592401,-8.365497,0.521627,-5.545791,-12.615369,0.740541,3
25.811064,-14.386746,-3.184593,104.315251,-23.726140,11.156563,39.066197,-95.399071,1.788834,-8.658532,-43.933020,42.530257,15.130419,-13.575077,-144.398753,-45.675858,-24.887202,59.209752,-44.774693,-25.646432,59.748742,2.877898,-13.590207,29.786389,4.472922,-12.697134,30.079563,2.333829,-32.364929,-10.304521,4.341449,-21.404771,-10.426888,-5.595280,-8.288644,9.682238,-6.673504,-1.891035,9.538686,3.176563,-23.270129,3.152059,0.199891,-32.489856,4.827152,-0.724083,-29.475186,-2.926719,-0.495816,-25.054960,-2.982736,2.541303,-12.329153,-2.220787,2.605113,-10.667354,-2.181307,6.098121,-26.183143,-3.629249,5.426520,-36.837408,-4.700239,-0.094647,-24.660098,-1.428741,-0.169190,-27.648944,-1.428080,-0.419888,-5.257644,-5.498868,-1.025080,-11.257465,-6.011226,9.617262,-21.931651,-9.585353,8.814691,-34.279716,-12.145238,-1.396428,-24.474127,-4.164680,-1.682116,-28.405833,-4.146885,-3.489103,-11.806797,-0.729440,-3.576662,-18.270556,-0.823753,15.315445,-5.567041,-24.893160,15.315441,-5.567048,-24.893153,4.972662,-10.612014,9.343533,8.021602,-25.607130,6.598840,1.365654,-32.120581,-7.723578,1.140476,-33.769156,-7.834657,-5.592103,-8.398404,0.523335,-5.539999,-13.059417,0.763207,3
26.430434,-13.702838,-3.248107,220.554026,18.858062,6.311081,116.392125,-96.157524,16.992605,-8.548002,-42.023555,42.428988,13.648511,-11.224507,-143.125611,-45.758536,-24.815463,59.158391,-44.757959,-25.659757,59.758121,2.870315,-13.591343,29.750641,4.491232,-12.686734,30.085821,2.336376,-32.350924,-10.304904,4.358321,-21.312808,-10.426287,-5.591103,-8.313294,9.682533,-6.659901,-1.972512,9.541284,3.178374,-23.209576,3.151643,0.187556,-32.629979,4.844569,-0.725804,-29.508806,-2.926223,-0.511022,-25.346878,-2.979580,2.539294,-12.381235,-2.222008,2.597685,-10.862260,-2.186034,6.078781,-26.097599,-3.609961,5.399968,-36.833957,-4.681830,-0.094683,-24.662092,-1.428741,-0.175681,-27.909098,-1.427846,-0.423387,-5.293946,-5.502151,-1.045552,-11.451621,-6.026737,9.580175,-21.865763,-9.559430,8.800605,-34.368846,-12.160899,-1.396914,-24.480799,-4.164670,-1.696766,-28.608083,-4.145444,-3.489425,-11.831032,-0.729803,-3.579136,-18.443213,-0.826133,15.315444,-5.567038,-24.893154,15.315453,-5.567046,-24.893151,4.905519,-10.590866,9.358389,8.086795,-25.722541,6.552004,1.360690,-32.157171,-7.726115,1.115994,-33.947022,-7.846249,-5.591645,-8.447612,0.525887,-5.537574,-13.241116,0.772467,3
26.736251,-13.192679,-3.297758,109.816389,2.046132,2.750060,68.231153,-67.325814,9.501607,-8.450564,-40.062265,42.333826,12.331839,-9.098381,-142.137839,-45.802392,-24.777385,59.131101,-44.745634,-25.669903,59.765267,2.864783,-13.593085,29.731839,4.505621,-12.678979,30.090517,2.337233,-32.346249,-10.305049,4.367698,-21.261685,-10.425952,-5.589405,-8.323300,9.682663,-6.653350,-2.011755,9.542512,3.180373,-23.179192,3.151033,0.185043,-32.707790,4.851865,-0.726574,-29.524049,-2.926002,-0.698212,-28.969702,-2.934013,2.538318,-12.406627,-2.222593,2.546059,-12.206538,-2.217946,6.069913,-26.050974,-3.600195,5.387509,-36.831344,-4.673052,-0.094684,-24.661473,-1.428739,-0.245616,-30.718641,-1.423358,-0.425161,-5.312346,-5.503814,-1.200851,-12.908882,-6.140950,9.562245,-21.827420,-9.545572,8.792487,-34.413834,-12.168218,-1.397024,-24.482454,-4.164666,-1.826503,-30.401999,-4.130351,-3.489565,-11.842625,-0.729991,-3.594183,-19.479567,-0.840266,15.315446,-5.567041,-24.893158,15.315453,-5.567047,-24.893153,4.871472,-10.578482,9.366080,8.129483,-25.892841,6.508475,1.358605,-32.172585,-7.727183,0.953988,-35.117120,-7.920662,-5.591449,-8.471386,0.527109,-5.520609,-14.455740,0.834167,3
27.060601,-12.720802,-3.339320,114.131927,-3.311506,2.566073,65.696974,-73.776365,8.772532,-8.382431,-38.439135,42.261185,11.303025,-7.393009,-141.461280,-45.848333,-24.737432,59.102449,-44.728603,-25.684018,59.775204,2.857523,-13.595594,29.712207,4.525070,-12.667813,30.096758,2.337655,-32.343830,-10.305116,4.377994,-21.205561,-10.425570,-5.588081,-8.331064,9.682763,-6.647046,-2.049512,9.543709,3.183444,-23.148716,3.150048,0.217857,-33.166380,4.868130,-0.727272,-29.537730,-2.925801,-0.783344,-30.637871,-2.909070,2.537345,-12.431426,-2.223169,2.511724,-13.089833,-2.238257,6.061820,-26.000631,-3.590316,5.375848,-36.827876,-4.664703,-0.094619,-24.659272,-1.428740,-0.280880,-32.139709,-1.419783,-0.426969,-5.331005,-5.505505,-1.293761,-13.767995,-6.206424,9.544983,-21.783823,-9.530845,8.783313,-34.459182,-12.175040,-1.397046,-24.482500,-4.164659,-1.903973,-31.476876,-4.119384,-3.489698,-11.853702,-0.730161,-3.604619,-20.189057,-0.849770,15.315439,-5.567043,-24.893157,15.315447,-5.567041,-24.893160,4.836986,-10.564334,9.374006,8.175462,-26.116549,6.455863,1.356888,-32.185177,-7.728052,0.845823,-35.892395,-7.968130,-5.591226,-8.494290,0.528305,-5.508827,-15.250275,0.874311,3
27.224737,-11.977531,-3.248352,116.559746,45.921212,4.314745,93.775991,-57.252277,-8.312606,-7.975342,-36.592417,42.653802,12.665565,-6.589810,-141.687945,-45.878360,-24.710486,59.083118,-44.714801,-25.695389,59.783203,2.855638,-13.595047,29.699027,4.523706,-12.668926,30.102818,2.337806,-32.343115,-10.305136,4.388361,-21.149124,-10.425133,-5.589816,-8.320917,9.682635,-6.641837,-2.080800,9.544676,3.180361,-23.114696,3.151316,0.208944,-33.144289,4.871531,-0.726856,-29.529585,-2.925921,-0.787645,-30.722561,-2.907738,2.536921,-12.442287,-2.223420,2.502137,-13.334994,-2.243791,6.049918,-25.953935,-3.579291,5.374697,-36.800305,-4.659992,-0.094161,-24.640544,-1.428729,-0.286905,-32.383259,-1.419093,-0.427405,-5.335632,-5.505925,-1.322708,-14.033767,-6.226391,9.527071,-21.731205,-9.514059,8.780205,-34.508836,-12.186497,-1.396088,-24.469493,-4.164689,-1.918043,-31.672322,-4.117223,-3.489708,-11.852946,-0.730144,-3.605943,-20.278821,-0.850976,15.315437,-5.567039,-24.893156,15.315439,-5.567044,-24.893164,4.801133,-10.543527,9.382841,8.205316,-26.171725,6.433667,1.356456,-32.188480,-7.728291,0.839900,-35.934742,-7.970674,-5.591097,-8.509115,0.529086,-5.505284,-15.482178,0.886000,3
27.445990,-11.336833,-3.191793,120.148869,31.226528,3.830765,86.564077,-66.027547,-4.754528,-7.677531,-34.970460,42.953173,13.777846,-5.616884,-141.817853,-45.908996,-24.684094,59.064168,-44.698064,-25.709122,59.792865,2.853658,-13.595362,29.685781,4.524008,-12.669338,30.110142,2.337554,-32.344496,-10.305094,4.399444,-21.088668,-10.424708,-5.592223,-8.306792,9.682445,-6.636946,-2.109987,9.545605,3.177428,-23.080283,3.152523,0.201925,-33.117076,4.873455,-0.726244,-29.517579,-2.926095,-0.789292,-30.754975,-2.907230,2.536586,-12.450942,-2.223617,2.499821,-13.394124,-2.245117,6.038243,-25.904715,-3.568073,5.375483,-36.769229,-4.656078,-0.093611,-24.618561,-1.428719,-0.288102,-32.431082,-1.418952,-0.427712,-5.338770,-5.506206,-1.329141,-14.092714,-6.230814,9.509644,-21.673292,-9.496366,8.776968,-34.559170,-12.198058,-1.394925,-24.453627,-4.164729,-1.921994,-31.727221,-4.116614,-3.489669,-11.850352,-0.730110,-3.606809,-20.336277,-0.851737,15.315445,-5.567042,-24.893166,15.315435,-5.567040,-24.893163,4.764835,-10.520511,9.391965,8.233843,-26.231701,6.411417,1.356474,-32.188323,-7.728273,0.833167,-35.982738,-7.973563,-5.590978,-8.522206,0.529756,-5.504334,-15.543549,0.889096,3
27.653185,-10.700606,-3.082067,74.959088,27.584875,23.987599,47.668228,-56.216470,9.534902,-7.268098,-33.764069,43.689157,14.756429,-4.693433,-141.554373,-45.918936,-24.675182,59.057764,-44.669338,-25.732535,59.809330,2.869844,-13.585515,29.680198,4.512239,-12.676670,30.123211,2.334234,-32.362760,-10.304579,4.409573,-21.033426,-10.424293,-5.597061,-8.278291,9.682078,-6.629412,-2.155108,9.546997,3.162534,-23.058080,3.158013,0.201147,-33.063754,4.869825,-0.726015,-29.513051,-2.926170,-0.790700,-30.782800,-2.906792,2.536500,-12.453376,-2.223671,2.497842,-13.444609,-2.246261,6.013683,-25.899305,-3.556891,5.391005,-36.683504,-4.654261,-0.093571,-24.617064,-1.428724,-0.289119,-32.472514,-1.418829,-0.428446,-5.346435,-5.506900,-1.333576,-14.133352,-6.233845,9.479206,-21.666503,-9.485240,8.797001,-34.545542,-12.205964,-1.395707,-24.464361,-4.164707,-1.926012,-31.782940,-4.115987,-3.489795,-11.860531,-0.730260,-3.607424,-20.378299,-0.852285,15.315444,-5.567045,-24.893153,15.315439,-5.567044,-24.893165,4.729333,-10.519914,9.398639,8.265234,-26.227534,6.396406,1.353124,-32.213011,-7.729983,0.828899,-36.013242,-7.975388,-5.590704,-8.551129,0.531260,-5.503678,-15.585439,0.891183,3
27.908811,-10.134827,-3.005201,84.133917,19.131404,18.464211,48.720713,-59.248807,7.815561,-6.952960,-32.599397,44.274427,15.501741,-3.703350,-141.280986,-45.926374,-24.668667,59.053084,-44.636791,-25.758661,59.827687,2.887896,-13.574813,29.675601,4.500106,-12.684583,30.138076,2.330208,-32.384930,-10.303941,4.420202,-20.975459,-10.423838,-5.602780,-8.244626,9.681636,-6.621811,-2.200581,9.548410,3.146244,-23.037066,3.163990,0.202728,-33.002852,4.864289,-0.725681,-29.506261,-2.926260,-0.792631,-30.820714,-2.906193,2.536510,-12.453222,-2.223676,2.495673,-13.500011,-2.247503,5.987666,-25.897325,-3.545526,5.432150,-36.313742,-4.628888,-0.093533,-24.615447,-1.428718,-0.290376,-32.522673,-1.418681,-0.429123,-5.353461,-5.507537,-1.338434,-14.177881,-6.237180,9.447526,-21.661773,-9.474149,8.819866,-34.524412,-12.213494,-1.396563,-24.476110,-4.164675,-1.930643,-31.847554,-4.115261,-3.489929,-11.870800,-0.730423,-3.608099,-20.423497,-0.852892,15.315446,-5.567042,-24.893158,15.315446,-5.567041,-24.893156,4.693553,-10.520321,9.405292,8.295981,-26.219263,6.382288,1.349717,-32.237998,-7.731697,0.824273,-36.046226,-7.977369,-5.590431,-8.580682,0.532789,-5.502969,-15.631271,0.893507,3
28.182983,-9.598288,-2.950835,90.931617,13.527897,14.842668,51.455441,-63.724565,7.014974,-6.697509,-31.455863,44.766640,16.076195,-2.677538,-141.003073,-45.931358,-24.664065,59.049777,-44.599942,-25.788681,59.848773,2.907513,-13.563391,29.672024,4.488087,-12.692187,30.154635,2.325477,-32.410879,-10.303180,4.431343,-20.914763,-10.423360,-5.609336,-8.205932,9.681138,-6.614145,-2.246424,9.549821,3.128566,-23.017169,3.170439,0.206612,-32.934503,4.856888,-0.725203,-29.497288,-2.926395,-0.795059,-30.868506,-2.905431,2.536599,-12.450524,-2.223606,2.493310,-13.560285,-2.248850,5.960204,-25.898674,-3.533959,5.521829,-35.366630,-4.552709,-0.093491,-24.613759,-1.428717,-0.291820,-32.581379,-1.418498,-0.429743,-5.359864,-5.508114,-1.343726,-14.226274,-6.240796,9.414575,-21.659047,-9.463078,8.845540,-34.495949,-12.220651,-1.397486,-24.488829,-4.164654,-1.935913,-31.920921,-4.114423,-3.490070,-11.881193,-0.730570,-3.608815,-20.471840,-0.853531,15.315450,-5.567043,-24.893160,15.315444,-5.567041,-24.893159,4.657415,-10.521695,9.411902,8.326114,-26.206930,6.369037,1.346294,-32.263325,-7.733460,0.819300,-36.081703,-7.979495,-5.590153,-8.610870,0.534354,-5.502196,-15.680972,0.896014,3
27.954611,-9.076461,-2.975565,70.906130,3.617054,19.652261,105.086826,-74.485270,23.353619,-6.435841,-29.747366,44.431476,17.438604,0.636366,-142.021910,-45.935604,-24.660823,59.047447,-44.556360,-25.824285,59.873769,2.917070,-13.558222,29.669592,4.484803,-12.695280,30.173755,2.322893,-32.425162,-10.302786,4.442350,-20.854722,-10.422864,-5.618987,-8.149102,9.680383,-6.605977,-2.295305,9.551318,3.101469,-23.050734,3.180137,0.220660,-32.898561,4.846219,-0.723928,-29.472097,-2.926760,-0.798730,-30.941027,-2.904277,2.537366,-12.430891,-2.223156,2.490589,-13.629410,-2.250385,5.928578,-25.943520,-3.526005,5.545969,-35.357345,-4.566780,-0.093614,-24.618613,-1.428722,-0.311654,-33.382878,-1.415955,-0.430076,-5.363353,-5.508427,-1.353197,-14.312846,-6.247232,9.383191,-21.692115,-9.459907,8.863558,-34.539904,-12.242813,-1.399873,-24.521528,-4.164586,-2.070058,-33.792072,-4.090807,-3.490285,-11.899155,-0.730851,-3.612242,-20.701393,-0.856560,15.315450,-5.567044,-24.893160,15.315441,-5.567041,-24.893164,4.636974,-10.555335,9.412401,8.385201,-26.263039,6.331948,1.340863,-32.303366,-7.736225,0.725593,-36.748627,-8.018850,-5.589777,-8.650553,0.536423,-5.490303,-16.429231,0.933575,3
27.889162,-8.567214,-2.986139,74.107465,2.791437,15.041372,83.133193,-67.436293,16.499561,-6.188457,-28.107403,44.214100,18.497173,3.432513,-142.656221,-45.936832,-24.659377,59.046410,-44.508321,-25.863249,59.901092,2.926360,-13.552380,29.668250,4.482304,-12.697693,30.194653,2.319968,-32.441295,-10.302304,4.453765,-20.792502,-10.422352,-5.629709,-8.085971,9.679528,-6.597707,-2.344826,9.552843,3.072144,-23.091389,3.190654,0.237816,-32.860121,4.833636,-0.722440,-29.443196,-2.927193,-0.807546,-31.114741,-2.901488,2.538285,-12.407195,-2.222607,2.486345,-13.737807,-2.252813,5.895303,-25.996150,-3.518245,5.573489,-35.346972,-4.582848,-0.093757,-24.624150,-1.428719,-0.341273,-34.583220,-1.411611,-0.430324,-5.365996,-5.508678,-1.431722,-15.027354,-6.299887,9.350961,-21.730957,-9.457613,8.883006,-34.586041,-12.266436,-1.402479,-24.557356,-4.164506,-2.178241,-35.309755,-4.068441,-3.490542,-11.918068,-0.731143,-3.625406,-21.578123,-0.868021,15.315441,-5.567043,-24.893157,15.315443,-5.567038,-24.893159,4.618101,-10.593473,9.412192,8.447028,-26.323671,6.292700,1.335150,-32.345370,-7.739103,0.512001,-38.256686,-8.103819,-5.589388,-8.691841,0.538549,-5.470050,-17.638835,0.993980,3
28.189203,-7.749827,-2.999383,109.107852,36.934625,-0.390629,67.623307,-76.079723,1.440547,-6.044827,-27.181773,44.579660,18.328355,3.143305,-143.270744,-45.946877,-24.650800,59.040244,-44.466318,-25.897253,59.924918,2.923614,-13.553754,29.664077,4.485991,-12.696559,30.212692,2.317812,-32.453143,-10.301961,4.461791,-20.748750,-10.421987,-5.636037,-8.048693,9.679014,-6.590939,-2.385317,9.554080,3.052597,-23.158633,3.197619,0.259513,-32.812118,4.817815,-0.721267,-29.420404,-2.927520,-0.810027,-31.163808,-2.900702,2.539128,-12.385389,-2.222106,2.484074,-13.795427,-2.254088,5.864436,-26.065377,-3.513509,5.601254,-35.331199,-4.598279,-0.094195,-24.641680,-1.428725,-0.343349,-34.667476,-1.411282,-0.431726,-5.380474,-5.509983,-1.464362,-15.322555,-6.321352,9.319905,-21.782780,-9.458337,8.912112,-34.614814,-12.291005,-1.406730,-24.615710,-4.164377,-2.229443,-36.031203,-4.056800,-3.490952,-11.951257,-0.731657,-3.635140,-22.218628,-0.876275,15.315444,-5.567047,-24.893162,15.315435,-5.567047,-24.893155,4.600670,-10.643078,9.410630,8.506533,-26.372169,6.256160,1.327018,-32.405206,-7.743224,0.301016,-39.731215,-8.181456,-5.588918,-8.742461,0.541182,-5.454658,-18.510990,1.037273,3
28.471273,-7.029971,-3.006673,104.255670,26.805302,2.008311,64.950335,-73.503721,3.024094,-5.910061,-26.224002,44.899297,18.258484,3.153118,-143.638422,-45.955970,-24.642521,59.034294,-44.421504,-25.933050,59.949989,2.919276,-13.555973,29.660428,4.490890,-12.694573,30.231803,2.315493,-32.465948,-10.301598,4.469715,-20.705443,-10.421630,-5.642694,-8.009431,9.678477,-6.584257,-2.425214,9.555300,3.032471,-23.234732,3.204850,0.284273,-32.760999,4.800091,-0.720005,-29.395369,-2.927886,-0.812776,-31.218011,-2.899816,2.540100,-12.360533,-2.221528,2.481716,-13.855209,-2.255420,5.832555,-26.142824,-3.509258,5.631772,-35.313908,-4.615222,-0.094677,-24.661200,-1.428733,-0.344619,-34.718668,-1.411075,-0.433184,-5.395658,-5.511356,-1.481025,-15.472949,-6.332238,9.288324,-21.840786,-9.460112,8.943509,-34.643266,-12.316846,-1.411352,-24.679231,-4.164243,-2.260596,-36.471247,-4.049390,-3.491402,-11.986919,-0.732193,-3.641791,-22.653132,-0.881801,15.315446,-5.567042,-24.893155,15.315443,-5.567043,-24.893153,4.584675,-10.697685,9.408334,8.567911,-26.422838,6.218254,1.318390,-32.468687,-7.747571,0.161181,-40.700885,-8.229551,-5.588424,-8.795450,0.543934,-5.444025,-19.092717,1.066002,3
28.578675,-6.526026,-3.013593,87.370879,29.601505,-0.199680,71.794962,-43.483166,0.803907,-5.849980,-24.883378,44.485185,18.160246,3.277652,-144.239454,-45.975506,-24.625478,59.022048,-44.389267,-25.958933,59.968096,2.910378,-13.560321,29.652428,4.492837,-12.694424,30.245755,2.314495,-32.471395,-10.301432,4.477853,-20.661108,-10.421226,-5.646682,-7.985846,9.678158,-6.577701,-2.464443,9.556485,3.015798,-23.311284,3.210874,0.314556,-32.715887,4.779771,-0.717506,-29.346674,-2.928597,-0.814158,-31.245361,-2.899374,2.541327,-12.328793,-2.220786,2.479892,-13.901668,-2.256447,5.794283,-26.473481,-3.533095,5.664770,-35.306666,-4.635172,-0.095094,-24.677974,-1.428741,-0.345435,-34.752199,-1.410958,-0.435270,-5.417262,-5.513300,-1.489256,-15.547069,-6.337570,9.261552,-21.922885,-9.468329,8.978331,-34.687668,-12.349046,-1.415263,-24.732746,-4.164115,-2.262823,-36.502668,-4.048841,-3.491842,-12.021250,-0.732717,-3.643541,-22.766892,-0.883244,15.315443,-5.567043,-24.893154,15.315434,-5.567047,-24.893154,4.576985,-10.766929,9.403089,8.631444,-26.485721,6.177364,1.312172,-32.514306,-7.750692,0.126288,-40.941960,-8.241142,-5.587959,-8.843898,0.546436,-5.440936,-19.259050,1.074188,3
28.735621,-6.021827,-3.016937,89.808113,22.916192,1.863764,67.119614,-49.971783,2.347153,-5.764276,-23.497739,44.157909,18.092817,3.574233,-144.855561,-45.995799,-24.607774,59.009314,-44.356015,-25.985403,59.986608,2.899776,-13.565702,29.644290,4.495467,-12.693408,30.259940,2.313529,-32.476682,-10.301291,4.485932,-20.617023,-10.420840,-5.650615,-7.962689,9.677845,-6.571238,-2.503102,9.557643,3.015510,-23.688188,3.210756,0.348153,-32.668928,4.757524,-0.714749,-29.292967,-2.929376,-0.815582,-31.273485,-2.898923,2.542677,-12.293544,-2.219964,2.478067,-13.948219,-2.257470,5.743064,-27.023274,-3.577705,5.700426,-35.299473,-4.656799,-0.095539,-24.696064,-1.428754,-0.346364,-34.789936,-1.410801,-0.437511,-5.440318,-5.515381,-1.503462,-15.674938,-6.346777,9.146194,-22.549491,-9.559266,9.015514,-34.733917,-12.383182,-1.419370,-24.789294,-4.163973,-2.265665,-36.542710,-4.048165,-3.492313,-12.057499,-0.733283,-3.644545,-22.832048,-0.884071,15.315452,-5.567037,-24.893159,15.315442,-5.567041,-24.893159,4.571566,-10.842337,9.396848,8.696810,-26.552076,6.134863,1.305874,-32.560647,-7.753865,0.117606,-41.001980,-8.244002,-5.587505,-8.893785,0.549028,-5.439280,-19.347506,1.078557,3
28.913179,-5.510378,-3.018278,90.231161,18.569466,3.100927,64.930068,-54.309541,3.292028,-5.661774,-22.113899,43.906379,18.059860,4.022889,-145.462685,-46.016459,-24.589156,58.995919,-44.322439,-26.012373,60.005459,2.887140,-13.571876,29.636031,4.499058,-12.692177,30.274297,2.312596,-32.481787,-10.301149,4.493970,-20.573168,-10.420453,-5.654494,-7.939908,9.677534,-6.564857,-2.541215,9.558797,3.024492,-24.238330,3.207257,0.385022,-32.620155,4.733399,-0.711760,-29.234324,-2.930221,-0.817047,-31.302382,-2.898450,2.544184,-12.254906,-2.219073,2.476220,-13.994886,-2.258500,5.692635,-27.566074,-3.621331,5.738694,-35.292352,-4.680085,-0.096009,-24.715424,-1.428760,-0.347396,-34.831780,-1.410630,-0.439876,-5.464795,-5.517592,-1.528125,-15.896520,-6.362627,9.013754,-23.280798,-9.664840,9.055025,-34.782013,-12.419273,-1.423694,-24.848849,-4.163830,-2.269084,-36.591176,-4.047332,-3.492791,-12.095610,-0.733861,-3.646567,-22.963354,-0.885712,15.315451,-5.567039,-24.893157,15.315446,-5.567044,-24.893160,4.588764,-11.047393,9.373764,8.784201,-26.813801,6.052315,1.299444,-32.607742,-7.757073,0.093688,-41.166943,-8.251821,-5.586996,-8.945064,0.551682,-5.435225,-19.562535,1.089127,3
29.099411,-4.992318,-3.018671,96.235300,16.951273,4.093591,68.180420,-61.091837,4.152853,-5.549096,-20.751985,43.714061,18.060456,4.594535,-146.046977,-46.038037,-24.570582,58.982553,-44.288100,-26.039398,60.024332,2.873394,-13.578984,29.627500,4.503082,-12.690398,30.288908,2.311692,-32.486771,-10.301012,4.501955,-20.529636,-10.420052,-5.658276,-7.917543,9.677216,-6.558586,-2.578695,9.559903,3.032031,-24.769275,3.204449,0.424947,-32.569767,4.707537,-0.708512,-29.171080,-2.931138,-0.818541,-31.331935,-2.897968,2.545802,-12.213028,-2.218097,2.474380,-14.041545,-2.259538,5.647818,-28.026961,-3.657059,5.779364,-35.285302,-4.704882,-0.096544,-24.735981,-1.428764,-0.348519,-34.877484,-1.410453,-0.442359,-5.490584,-5.519918,-1.560506,-16.186550,-6.383236,8.903226,-23.883909,-9.750456,9.096673,-34.831751,-12.457130,-1.428226,-24.911139,-4.163671,-2.273076,-36.647626,-4.046345,-3.493308,-12.135424,-0.734465,-3.650865,-23.240831,-0.889204,15.315442,-5.567049,-24.893155,15.315445,-5.567051,-24.893152,4.649604,-11.511855,9.316928,8.880132,-27.150580,5.953257,1.292967,-32.655419,-7.760318,0.031625,-41.594401,-8.271771,-5.586500,-8.997571,0.554398,-5.427602,-19.962453,1.108760,3
29.292986,-4.470354,-3.018463,83.356755,13.176165,3.960341,58.275240,-54.454685,3.933310,-5.430144,-19.413454,43.565380,18.091176,5.259337,-146.601791,-46.060257,-24.551153,58.968565,-44.253654,-26.067239,60.043767,2.857900,-13.587075,29.618831,4.508311,-12.688424,30.303599,2.310809,-32.491580,-10.300846,4.509900,-20.486342,-10.419644,-5.662007,-7.895583,9.676881,-6.552411,-2.615665,9.561004,3.034052,-25.208085,3.203966,0.467954,-32.517673,4.679929,-0.705044,-29.103177,-2.932109,-0.820066,-31.362214,-2.897473,2.547544,-12.167952,-2.217044,2.472532,-14.088284,-2.260563,5.608721,-28.405447,-3.685014,5.822491,-35.278305,-4.731234,-0.097088,-24.757751,-1.428780,-0.349745,-34.927046,-1.410257,-0.444978,-5.517728,-5.522363,-1.593811,-16.483873,-6.404187,8.819406,-24.333907,-9.813232,9.140472,-34.883228,-12.496845,-1.432979,-24.976252,-4.163497,-2.277623,-36.712048,-4.045230,-3.493831,-12.177015,-0.735102,-3.656385,-23.596513,-0.893640,15.315445,-5.567042,-24.893154,15.315442,-5.567042,-24.893158,4.715164,-12.000837,9.256309,8.983034,-27.446838,5.855340,1.286371,-32.703782,-7.763615,-0.054337,-42.184706,-8.298555,-5.585975,-9.051385,0.557185,-5.418070,-20.451655,1.132698,3
29.492739,-3.947330,-3.017783,88.750547,13.044435,4.488144,61.313268,-58.796158,4.394811,-5.306968,-18.092211,43.448162,18.147520,5.990867,-147.125586,-46.083021,-24.530653,58.953802,-44.218209,-26.095502,60.063485,2.840513,-13.596126,29.610071,4.514065,-12.685676,30.318525,2.309964,-32.496272,-10.300727,4.517801,-20.443240,-10.419245,-5.665673,-7.873983,9.676591,-6.546300,-2.652122,9.562090,3.031506,-25.571888,3.205434,0.513978,-32.463938,4.650638,-0.701334,-29.030758,-2.933143,-0.821632,-31.393222,-2.896971,2.549406,-12.119731,-2.215920,2.470689,-14.135126,-2.261588,5.572760,-28.743154,-3.709198,5.868013,-35.271387,-4.759098,-0.097648,-24.780700,-1.428794,-0.351055,-34.980417,-1.410029,-0.447748,-5.546182,-5.524922,-1.624868,-16.760168,-6.423512,8.752412,-24.691150,-9.862534,9.186392,-34.936412,-12.538364,-1.437925,-25.044127,-4.163313,-2.282717,-36.784193,-4.043972,-3.494383,-12.220304,-0.735768,-3.662029,-23.958643,-0.898116,15.315442,-5.567043,-24.893162,15.315442,-5.567046,-24.893156,4.768833,-12.412333,9.205195,9.137897,-27.670554,5.739684,1.279697,-32.752824,-7.766941,-0.144300,-42.800420,-8.325546,-5.585457,-9.106494,0.560034,-5.408318,-20.941298,1.156574,3
29.137214,-3.575861,-3.374970,88.358319,93.285656,-28.640160,139.500635,39.849975,22.741160,-5.615709,-18.255464,43.956276,17.978193,7.157890,-146.509382,-46.117259,-24.499845,58.931611,-44.206444,-26.105109,60.070183,2.815411,-13.608905,29.596731,4.485447,-12.702781,30.325151,2.302968,-32.534927,-10.299591,4.530912,-20.371696,-10.418559,-5.670221,-7.847257,9.676223,-6.542321,-2.675848,9.562814,3.055153,-25.600674,3.195712,0.516159,-32.430586,4.647177,-0.698217,-28.969951,-2.934011,-0.818039,-31.322009,-2.898130,2.550470,-12.092394,-2.215283,2.470790,-14.132679,-2.261540,5.579004,-28.787540,-3.717715,5.891662,-35.218132,-4.766126,-0.098171,-24.801204,-1.428794,-0.348224,-34.865583,-1.410504,-0.450550,-5.575256,-5.527547,-1.618411,-16.702810,-6.419519,8.738445,-24.749767,-9.869469,9.238511,-34.873196,-12.551033,-1.440922,-25.085398,-4.163198,-2.272585,-36.640715,-4.046466,-3.494829,-12.254749,-0.736290,-3.660887,-23.885648,-0.897206,15.315442,-5.567039,-24.893164,15.315442,-5.567041,-24.893159,4.809228,-12.944036,9.145252,9.288862,-27.560376,5.677022,1.280086,-32.749815,-7.766724,-0.124218,-42.663151,-8.319608,-5.585070,-9.143302,0.561932,-5.409913,-20.862295,1.152723,3
28.765330,-3.230560,-3.890604,76.722133,71.815623,-38.138136,127.601046,24.573524,32.407793,-6.111672,-18.158570,44.072347,18.485943,8.733449,-145.878868,-46.158746,-24.463134,58.905147,-44.171820,-26.132372,60.089186,2.786291,-13.624055,29.580558,4.461830,-12.717494,30.341431,2.294309,-32.582618,-10.298190,4.541454,-20.314175,-10.417981,-5.675288,-7.817301,9.675790,-6.537418,-2.705186,9.563663,3.086825,-25.611517,3.182644,0.502459,-32.386738,4.651814,-0.696159,-28.929856,-2.934584,-0.813334,-31.229188,-2.899643,2.551117,-12.075532,-2.214885,2.471318,-14.119081,-2.261234,5.590985,-28.806083,-3.725852,5.899791,-35.149708,-4.761025,-0.098890,-24.830327,-1.428809,-0.331565,-34.189364,-1.413097,-0.453508,-5.605827,-5.530294,-1.609796,-16.626221,-6.414165,8.732145,-24.793618,-9.876213,9.277796,-34.787507,-12.549857,-1.443795,-25.124880,-4.163086,-2.149896,-34.911338,-4.074587,-3.495189,-12.282875,-0.736717,-3.659474,-23.794876,-0.896088,15.315441,-5.567044,-24.893154,15.315442,-5.567041,-24.893162,4.782864,-13.004171,9.145609,9.332310,-27.452272,5.671194,1.281091,-32.742611,-7.766254,0.066093,-41.357135,-8.260745,-5.584873,-9.165542,0.563090,-5.411976,-20.758499,1.147679,3
28.557505,-2.829343,-4.263490,80.482146,54.811122,-25.876782,108.588817,0.549764,24.553158,-6.638599,-17.893862,44.177315,18.954188,10.285089,-145.374443,-46.202795,-24.424130,58.877003,-44.134529,-26.161751,60.109649,2.754538,-13.640333,29.563382,4.436970,-12.732949,30.358903,2.284910,-32.634358,-10.296675,4.552092,-20.256160,-10.417399,-5.680540,-7.786401,9.675337,-6.532511,-2.734508,9.564528,3.122862,-25.623635,3.167749,0.485714,-32.340863,4.657979,-0.694083,-28.889412,-2.935154,-0.787066,-30.711240,-2.907927,2.551765,-12.058927,-2.214505,2.472058,-14.100585,-2.260829,5.605628,-28.826061,-3.735488,5.906204,-35.075200,-4.753918,-0.099685,-24.861829,-1.428814,-0.288308,-32.439613,-1.418932,-0.456622,-5.638050,-5.533199,-1.600284,-16.541491,-6.408226,8.726855,-24.842566,-9.884408,9.379030,-34.412131,-12.503173,-1.446698,-25.165007,-4.162983,-2.012111,-32.982297,-4.101562,-3.495568,-12.311252,-0.737140,-3.657929,-23.695881,-0.894872,15.315451,-5.567039,-24.893156,15.315441,-5.567044,-24.893166,4.756898,-13.069403,9.145447,9.323135,-26.800113,5.779204,1.282557,-32.731844,-7.765521,0.346248,-39.416306,-8.165346,-5.584676,-9.185807,0.564146,-5.423098,-20.194538,1.120129,3
28.470285,-2.194837,-4.533023,69.097509,86.355537,-34.700357,81.525497,-4.055891,3.705550,-7.417471,-17.659475,44.485106,18.828089,11.375930,-145.421137,-46.254940,-24.377973,58.843671,-44.073309,-26.210158,60.143336,2.724829,-13.655428,29.542578,4.426501,-12.740332,30.385833,2.275005,-32.688835,-10.295062,4.558962,-20.218646,-10.417017,-5.684779,-7.761417,9.674968,-6.526013,-2.773347,9.565662,3.154450,-25.616872,3.154694,0.465167,-32.299515,4.666516,-0.693238,-28.873030,-2.935393,-0.784273,-30.656223,-2.908785,2.551914,-12.054641,-2.214387,2.472101,-14.099518,-2.260815,5.623209,-28.828170,-3.744359,5.896098,-35.031844,-4.741090,-0.100748,-24.905048,-1.428833,-0.277641,-32.009087,-1.420151,-0.460492,-5.677884,-5.536773,-1.593153,-16.477999,-6.403780,8.730570,-24.866467,-9.890813,9.397639,-34.353216,-12.497343,-1.449808,-25.207550,-4.162845,-1.995448,-32.749910,-4.104488,-3.495994,-12.344244,-0.737651,-3.655777,-23.557675,-0.893150,15.315434,-5.567046,-24.893155,15.315442,-5.567041,-24.893162,4.746009,-13.107953,9.144353,9.353082,-26.602936,5.795274,1.282992,-32.728612,-7.765294,0.384787,-39.147420,-8.151371,-5.584487,-9.204568,0.565112,-5.429189,-19.878982,1.104670,3
28.453095,-1.602042,-4.747784,70.242042,63.531586,-23.656435,72.525576,-15.215909,4.872701,-8.147596,-17.285146,44.755012,18.759559,12.410878,-145.491617,-46.309567,-24.328600,58.807998,-43.993273,-26.272914,60.186959,2.693052,-13.671017,29.520657,4.418562,-12.747309,30.420940,2.264557,-32.746461,-10.293342,4.565256,-20.184320,-10.416664,-5.688938,-7.736879,9.674603,-6.519316,-2.813334,9.566835,3.188536,-25.608195,3.140626,0.441780,-32.257661,4.676559,-0.692597,-28.860350,-2.935566,-0.781377,-30.599147,-2.909677,2.552008,-12.052527,-2.214346,2.472187,-14.097333,-2.260771,5.643237,-28.828573,-3.754203,5.882100,-34.988981,-4.725902,-0.101919,-24.951613,-1.428843,-0.276304,-31.955198,-1.420302,-0.464564,-5.719910,-5.540552,-1.585760,-16.411998,-6.399144,8.736473,-24.890248,-9.898035,9.413562,-34.291009,-12.489034,-1.452926,-25.250581,-4.162731,-1.992495,-32.708685,-4.105006,-3.496414,-12.377843,-0.738155,-3.652829,-23.367682,-0.890795,15.315453,-5.567041,-24.893159,15.315444,-5.567046,-24.893154,4.737851,-13.146002,9.142700,9.395322,-26.533102,5.785032,1.283646,-32.723782,-7.764968,0.390589,-39.106901,-8.149246,-5.584325,-9.221349,0.565978,-5.432256,-19.718979,1.096810,3
28.479990,-1.037675,-4.928178,80.941530,58.086708,-20.016820,77.025092,-24.095783,6.251893,-8.801521,-16.812257,44.977650,18.729898,13.430272,-145.579266,-46.366510,-24.277344,58.770917,-43.592666,-26.583891,60.402160,2.660440,-13.687365,29.497918,4.442325,-12.742684,30.591999,2.253720,-32.806222,-10.291553,4.571060,-20.152632,-10.416340,-5.693031,-7.712787,9.674252,-6.512506,-2.853974,9.568013,3.224349,-25.598094,3.125853,0.416298,-32.215612,4.687692,-0.692099,-28.850611,-2.935702,-0.778408,-30.540813,-2.910591,2.552021,-12.052093,-2.214339,2.472306,-14.094295,-2.260699,5.665021,-28.827660,-3.764741,5.865155,-34.946726,-4.709002,-0.103133,-25.000491,-1.428859,-0.274868,-31.897278,-1.420464,-0.468790,-5.763365,-5.544447,-1.578182,-16.344371,-6.394375,8.744051,-24.913820,-9.905859,9.427282,-34.226598,-12.478861,-1.456074,-25.293789,-4.162588,-1.989312,-32.664299,-4.105563,-3.496857,-12.411741,-0.738674,-3.650174,-23.196734,-0.888661,15.315434,-5.567044,-24.893155,15.315442,-5.567046,-24.893162,4.731916,-13.183439,9.140576,9.436777,-26.461716,5.775563,1.284477,-32.717711,-7.764559,0.396534,-39.065457,-8.147081,-5.584168,-9.236509,0.566758,-5.433484,-19.654530,1.093646,3
28.540760,-0.689811,-4.747313,81.759051,51.073955,26.598972,73.650035,4.655596,2.464797,-9.019635,-16.185761,44.945218,18.466750,13.965101,-145.675095,-46.408695,-24.239009,58.743174,-42.546009,-27.363100,60.934161,2.623358,-13.706455,29.481900,4.518630,-12.722019,31.035482,2.242452,-32.868334,-10.289683,4.572743,-20.143441,-10.416230,-5.696722,-7.690976,9.673954,-6.509935,-2.869318,9.568454,3.252642,-25.575406,3.114241,0.401960,-32.182117,4.693257,-0.692565,-28.859639,-2.935573,-0.776119,-30.495849,-2.911297,2.552065,-12.051054,-2.214312,2.472798,-14.081806,-2.260421,5.687353,-28.810950,-3.773560,5.851266,-34.911577,-4.695100,-0.103992,-25.035080,-1.428871,-0.273902,-31.858024,-1.420564,-0.471599,-5.792404,-5.547053,-1.571530,-16.285040,-6.390193,8.757884,-24.916095,-9.911618,9.433878,-34.168976,-12.466547,-1.457933,-25.319263,-4.162512,-1.988025,-32.646371,-4.105769,-3.497130,-12.433648,-0.739006,-3.649360,-23.144038,-0.887995,15.315444,-5.567038,-24.893154,15.315445,-5.567044,-24.893160,4.730001,-13.195850,9.139870,9.457768,-26.398185,5.775258,1.286438,-32.703292,-7.763580,0.400789,-39.035611,-8.145515,-5.584124,-9.241970,0.567052,-5.434407,-19.605753,1.091250,3
28.604548,-0.296429,-4.651827,90.161398,50.522880,18.417493,80.756903,-7.475351,4.339421,-9.235983,-15.500567,44.907717,18.259068,14.540050,-145.778155,-46.451550,-24.200210,58.715060,-41.713448,-27.952020,61.328974,2.584565,-13.726808,29.465853,4.573640,-12.708543,31.385825,2.230662,-32.933296,-10.287711,4.573403,-20.139861,-10.416208,-5.700316,-7.669813,9.673629,-6.507807,-2.882090,9.568824,3.281873,-25.549469,3.102275,0.386888,-32.149374,4.699251,-0.693308,-28.874218,-2.935371,-0.773841,-30.451122,-2.911991,2.552040,-12.051665,-2.214327,2.473373,-14.067128,-2.260092,5.711702,-28.790707,-3.782898,5.834672,-34.877788,-4.679744,-0.104879,-25.070363,-1.428879,-0.272876,-31.816849,-1.420670,-0.474402,-5.821187,-5.549627,-1.564785,-16.224794,-6.385948,8.774323,-24.915386,-9.917748,9.437313,-34.109654,-12.451986,-1.459642,-25.342725,-4.162442,-1.986752,-32.628583,-4.106005,-3.497393,-12.454402,-0.739330,-3.648542,-23.091894,-0.887343,15.315446,-5.567039,-24.893153,15.315441,-5.567044,-24.893154,4.730852,-13.204433,9.138861,9.475348,-26.333730,5.776846,1.288745,-32.686441,-7.762442,0.405014,-39.006148,-8.143957,-5.584092,-9.244509,0.567184,-5.435314,-19.558155,1.088907,3
29.033102,0.153583,-4.466003,90.623786,11.164448,-4.743082,33.462338,-48.859068,-29.528585,-9.026743,-14.625321,44.770593,17.983547,16.103065,-145.673518,-46.507340,-24.149619,58.678384,-41.602621,-28.028805,61.379973,2.555886,-13.740689,29.443241,4.559844,-12.719656,31.433332,2.218162,-33.002281,-10.285593,4.573576,-20.138958,-10.416197,-5.701412,-7.663364,9.673539,-6.507914,-2.881447,9.568808,3.312224,-25.515586,3.089912,0.388911,-32.120600,4.696139,-0.692882,-28.865832,-2.935483,-0.771321,-30.401497,-2.912762,2.552195,-12.047665,-2.214235,2.473756,-14.057439,-2.259882,5.736662,-28.777687,-3.793433,5.830401,-34.865247,-4.675225,-0.105695,-25.102889,-1.428887,-0.272115,-31.786293,-1.420760,-0.476790,-5.845897,-5.551855,-1.558777,-16.171067,-6.382140,8.788519,-24.916383,-9.923383,9.447222,-34.056107,-12.442683,-1.461711,-25.371099,-4.162350,-1.984742,-32.600617,-4.106356,-3.497635,-12.473616,-0.739621,-3.647633,-23.032569,-0.886599,15.315446,-5.567043,-24.893158,15.315437,-5.567040,-24.893157,4.727745,-13.192837,9.140677,9.483515,-26.257042,5.785197,1.291112,-32.669091,-7.761261,0.413467,-38.947138,-8.140849,-5.584087,-9.245439,0.567231,-5.436422,-19.499982,1.086049,3
29.351963,0.646237,-4.331636,95.060778,19.485073,-4.546159,49.095682,-51.532873,-23.915666,-8.834478,-13.654963,44.632773,17.741216,17.677022,-145.608643,-46.573881,-24.088855,58.634293,-41.558388,-28.059009,61.399990,2.526220,-13.754829,29.416002,4.538950,-12.733539,31.453159,2.191907,-33.147051,-10.281120,4.572824,-20.143000,-10.416238,-5.702053,-7.659609,9.673484,-6.508691,-2.876748,9.568686,3.343524,-25.477894,3.077225,0.392897,-32.093024,4.692033,-0.692494,-28.858478,-2.935595,-0.768759,-30.351301,-2.913537,2.552312,-12.044355,-2.214149,2.474182,-14.046719,-2.259647,5.763368,-28.762896,-3.804584,5.825810,-34.856958,-4.671142,-0.106505,-25.135574,-1.428891,-0.271365,-31.755788,-1.420841,-0.479125,-5.869785,-5.553981,-1.552801,-16.117574,-6.378348,8.804502,-24.915211,-9.929252,9.455567,-34.002046,-12.432370,-1.463696,-25.398571,-4.162258,-1.982629,-32.571219,-4.106714,-3.497883,-12.491673,-0.739895,-3.646706,-22.972632,-0.885838,15.315447,-5.567043,-24.893155,15.315438,-5.567036,-24.893154,4.726299,-13.175133,9.142659,9.467528,-25.978832,5.838271,1.293730,-32.649717,-7.759919,0.422468,-38.884079,-8.137520,-5.584088,-9.243788,0.567139,-5.437515,-19.441138,1.083152,3
29.408884,1.080313,-4.367650,78.136783,42.561538,-21.821450,70.504311,-15.643381,-16.992486,-8.779984,-12.245168,44.725516,18.183161,19.955078,-145.254101,-46.867725,-23.817797,58.436996,-41.527851,-28.079828,61.413782,2.481847,-13.767697,29.288775,4.522190,-12.744688,31.466999,2.109430,-33.602343,-10.266608,4.574913,-20.131592,-10.416109,-5.698696,-7.679390,9.673782,-6.512696,-2.852845,9.567984,3.370155,-25.422456,3.066599,0.409038,-32.069175,4.681560,-0.692539,-28.859101,-2.935581,-0.765227,-30.281558,-2.914607,2.552339,-12.044121,-2.214155,2.474906,-14.028405,-2.259241,5.783869,-28.736865,-3.811248,5.831773,-34.849702,-4.673798,-0.107294,-25.166707,-1.428891,-0.270957,-31.739537,-1.420888,-0.480715,-5.886133,-5.555452,-1.547547,-16.070549,-6.375002,8.815548,-24.899159,-9.930084,9.463740,-33.968621,-12.427670,-1.465856,-25.428231,-4.162172,-1.981668,-32.557879,-4.106872,-3.497974,-12.499103,-0.740000,-3.645961,-22.923552,-0.885220,15.315432,-5.567038,-24.893160,15.315447,-5.567036,-24.893156,4.721960,-13.142491,9.146727,9.474508,-25.948489,5.839746,1.294453,-32.644555,-7.759588,0.430885,-38.825281,-8.134404,-5.584165,-9.237042,0.566788,-5.438364,-19.396075,1.080932,3
29.471166,1.531550,-4.397607,84.657612,42.079251,-17.626024,75.769107,-22.318131,-13.350729,-8.744246,-10.873802,44.800799,18.528745,21.980579,-144.971450,-47.186665,-23.518473,58.218052,-41.495124,-28.102291,61.428656,2.436621,-13.779782,29.149872,4.506204,-12.755512,31.481727,2.026696,-34.059810,-10.251370,4.576753,-20.121582,-10.416011,-5.694351,-7.704968,9.674153,-6.517741,-2.822772,9.567098,3.396789,-25.361283,3.056068,0.428577,-32.046850,4.669340,-0.692668,-28.861798,-2.935538,-0.761496,-30.208321,-2.915736,2.552305,-12.044879,-2.214172,2.475709,-14.008102,-2.258795,5.804696,-28.707685,-3.817657,5.839132,-34.845909,-4.677836,-0.108039,-25.197708,-1.428915,-0.270610,-31.725560,-1.420925,-0.482132,-5.900647,-5.556746,-1.542430,-16.024737,-6.371760,8.827203,-24.879088,-9.930301,9.470653,-33.938070,-12.423067,-1.468001,-25.457506,-4.162061,-1.980812,-32.545984,-4.107018,-3.498029,-12.503964,-0.740082,-3.645220,-22.875692,-0.884616,15.315436,-5.567044,-24.893153,15.315442,-5.567043,-24.893160,4.718451,-13.102757,9.151244,9.478642,-25.922962,5.841856,1.295048,-32.640077,-7.759275,0.439641,-38.764018,-8.131146,-5.584253,-9.227515,0.566296,-5.439185,-19.352677,1.078809,3
29.546456,1.992282,-4.427075,84.108084,39.389663,-13.909611,73.547966,-25.232592,-9.776355,-8.724001,-9.595928,44.859130,18.798081,23.756063,-144.748806,-47.438984,-23.276930,58.040573,-41.459727,-28.126223,61.444488,2.399821,-13.789957,29.039746,4.490663,-12.765629,31.497409,1.963624,-34.409034,-10.239291,4.578332,-20.112909,-10.415915,-5.689061,-7.736205,9.674613,-6.523777,-2.786693,9.566069,3.423418,-25.294546,3.045651,0.451478,-32.026017,4.655409,-0.692919,-28.866507,-2.935475,-0.750362,-29.989955,-2.919050,2.552245,-12.046592,-2.214215,2.476571,-13.985860,-2.258309,5.825905,-28.675452,-3.823832,5.847878,-34.845496,-4.683237,-0.108825,-25.228577,-1.428904,-0.270312,-31.713810,-1.420955,-0.483369,-5.913401,-5.557890,-1.537456,-15.980116,-6.368575,8.839424,-24.855097,-9.929896,9.476369,-33.910332,-12.418566,-1.470095,-25.486435,-4.161979,-1.980069,-32.535474,-4.107150,-3.498066,-12.506308,-0.740108,-3.644489,-22.829073,-0.884023,15.315442,-5.567046,-24.893158,15.315445,-5.567043,-24.893153,4.715722,-13.056151,9.156234,9.480002,-25.902152,5.844565,1.295577,-32.636244,-7.759026,0.448722,-38.700372,-8.127763,-5.584382,-9.215232,0.565663,-5.439955,-19.310945,1.076762,3
29.136313,2.073956,-4.655278,58.149802,11.993632,-17.492618,120.461538,-0.414744,17.177485,-8.448937,-8.295999,45.137880,19.621275,24.558600,-144.630308,-47.478594,-23.239016,58.012648,-41.421514,-28.152941,61.462166,2.385405,-13.796289,29.023027,4.471130,-12.778669,31.514517,1.954003,-34.462310,-10.237418,4.581051,-20.098090,-10.415765,-5.685566,-7.756818,9.674912,-6.529011,-2.755444,9.565154,3.445396,-25.173993,3.037591,0.475115,-32.012513,4.641589,-0.693678,-28.881348,-2.935265,-0.719194,-29.379630,-2.928118,2.552427,-12.041815,-2.214102,2.478212,-13.944399,-2.257393,5.835727,-28.624615,-3.822061,5.866226,-34.805286,-4.688755,-0.109842,-25.269597,-1.428923,-0.269541,-31.682439,-1.421033,-0.485354,-5.933690,-5.559695,-1.531829,-15.929727,-6.364996,8.843790,-24.813619,-9.922819,9.493160,-33.850341,-12.411312,-1.473764,-25.536971,-4.161814,-1.978821,-32.518051,-4.107356,-3.498270,-12.522136,-0.740357,-3.643797,-22.784054,-0.883467,15.315442,-5.567043,-24.893157,15.315447,-5.567041,-24.893156,4.702078,-13.018807,9.162871,9.473783,-25.875511,5.851960,1.291107,-32.668982,-7.761239,0.458698,-38.630529,-8.124025,-5.584281,-9.225344,0.566184,-5.440621,-19.275712,1.075012,3
28.875158,2.264759,-4.831135,59.056282,16.486856,-13.269562,93.657299,-8.793069,10.030156,-8.233888,-7.066869,45.370666,20.290421,25.422203,-144.513741,-47.518963,-23.199992,57.983887,-41.381161,-28.180054,61.480070,2.372017,-13.801924,29.005884,4.450869,-12.792328,31.532735,1.943958,-34.517915,-10.235449,4.583727,-20.083518,-10.415605,-5.681521,-7.780564,9.675251,-6.534942,-2.719988,9.564116,3.445004,-24.630839,3.041934,0.501579,-32.001245,4.626388,-0.694592,-28.899259,-2.935015,-0.690301,-28.815523,-2.936194,2.552603,-12.036936,-2.213982,2.480007,-13.898638,-2.256375,5.844240,-28.568701,-3.818995,5.887031,-34.762299,-4.695361,-0.110899,-25.311899,-1.428929,-0.268732,-31.650171,-1.421125,-0.487276,-5.953587,-5.561487,-1.526237,-15.879523,-6.361412,8.847550,-24.766521,-9.914325,9.510506,-33.788162,-12.403736,-1.477638,-25.590246,-4.161628,-1.977583,-32.500793,-4.107569,-3.498477,-12.537780,-0.740592,-3.643122,-22.740254,-0.882906,15.315448,-5.567034,-24.893161,15.315443,-5.567043,-24.893153,4.687512,-12.977178,9.170112,9.464247,-25.851887,5.860470,1.285884,-32.707300,-7.763849,0.479107,-38.487561,-8.116335,-5.584164,-9.236312,0.566761,-5.441248,-19.242707,1.073391,3
28.514631,3.182574,-4.778457,42.761920,118.368769,2.252699,94.102387,-12.331703,-5.248942,-9.027136,-6.650047,46.529181,19.991240,26.096555,-144.595126,-47.543572,-23.175871,57.966104,-41.354258,-28.198552,61.492280,2.346407,-13.815163,28.996836,4.426711,-12.807970,31.545378,1.937762,-34.552169,-10.234224,4.584661,-20.078403,-10.415556,-5.678811,-7.796565,9.675479,-6.544535,-2.662704,9.562424,3.434940,-24.007571,3.050933,0.533747,-31.999420,4.608713,-0.697679,-28.959273,-2.934159,-0.681082,-28.635960,-2.938704,2.552666,-12.035597,-2.213957,2.481824,-13.852670,-2.255359,5.842074,-28.545414,-3.814964,5.899147,-34.738948,-4.699443,-0.114362,-25.450481,-1.428940,-0.268400,-31.636672,-1.421160,-0.491418,-5.996129,-5.565288,-1.522914,-15.849715,-6.359276,8.837028,-24.774076,-9.911926,9.516263,-33.730228,-12.390893,-1.517183,-26.133975,-4.159560,-1.978079,-32.507763,-4.107476,-3.498954,-12.575407,-0.741163,-3.642710,-22.713272,-0.882570,15.315447,-5.567038,-24.893165,15.315450,-5.567039,-24.893152,4.685286,-12.973006,9.171014,9.446449,-25.845223,5.870302,1.274179,-32.793202,-7.769679,0.485937,-38.439531,-8.113745,-5.583787,-9.275387,0.568776,-5.441368,-19.235883,1.073047,3
28.267164,3.958756,-4.758334,49.391385,86.121580,-0.747065,81.700475,-15.215996,-3.374242,-9.747838,-6.122582,47.575713,19.748757,26.880728,-144.661357,-47.566430,-23.153601,57.949684,-41.327429,-28.216543,61.504147,2.320019,-13.828822,28.988577,4.401526,-12.824032,31.558037,1.931834,-34.585135,-10.233056,4.585293,-20.074901,-10.415524,-5.675889,-7.813909,9.675737,-6.555232,-2.598750,9.560514,3.429987,-23.495919,3.057204,0.569037,-32.000833,4.589548,-0.701200,-29.028101,-2.933183,-0.677898,-28.573746,-2.939569,2.552693,-12.034708,-2.213934,2.483766,-13.803230,-2.254262,5.837258,-28.522960,-3.809759,5.911928,-34.716320,-4.704024,-0.144139,-26.644466,-1.428735,-0.268126,-31.625267,-1.421186,-0.495863,-6.041762,-5.569365,-1.519940,-15.823121,-6.357386,8.823875,-24.785344,-9.909304,9.520691,-33.671170,-12.377013,-1.605458,-27.348998,-4.153600,-1.978849,-32.518548,-4.107352,-3.499481,-12.616216,-0.741777,-3.642351,-22.689811,-0.882269,15.315444,-5.567035,-24.893156,15.315438,-5.567040,-24.893157,4.684212,-12.971014,9.171436,9.424748,-25.843531,5.881238,1.209498,-33.266396,-7.801465,0.492622,-38.392675,-8.111207,-5.583361,-9.319402,0.571049,-5.441388,-19.234786,1.072992,3
28.089827,4.647109,-4.758412,62.373244,80.864120,-2.790566,88.294448,-19.751771,-2.779240,-10.382980,-5.532053,48.486823,19.542992,27.791428,-144.718306,-47.587700,-23.133231,57.934647,-41.300872,-28.234526,61.516007,2.292990,-13.842960,28.981090,4.375769,-12.840524,31.570585,1.926118,-34.616808,-10.231922,4.585652,-20.072965,-10.415510,-5.672698,-7.832568,9.675991,-6.567014,-2.528297,9.558426,3.430888,-23.109439,3.060357,0.607372,-32.005386,4.568919,-0.705167,-29.105499,-2.932080,-0.674515,-28.507828,-2.940477,2.552715,-12.034233,-2.213917,2.485838,-13.750438,-2.253090,5.829846,-28.501329,-3.803412,5.925352,-34.694390,-4.709100,-0.170958,-27.720170,-1.428020,-0.267890,-31.615898,-1.421215,-0.500627,-6.090409,-5.573695,-1.517339,-15.799654,-6.355700,8.808147,-24.800237,-9.906461,9.523844,-33.611007,-12.362133,-1.678252,-28.352546,-4.147261,-1.979890,-32.533007,-4.107174,-3.500068,-12.660121,-0.742434,-3.642043,-22.669775,-0.882021,15.315443,-5.567039,-24.893159,15.315446,-5.567046,-24.893152,4.684259,-12.971126,9.171415,9.399217,-25.846697,5.893263,1.071639,-34.268555,-7.867030,0.499145,-38.346922,-8.108735,-5.582871,-9.368219,0.573590,-5.441306,-19.239279,1.073221,3
